Шифр;Жанр;Год издания
К-001;Научно-популярное;2012
К-002;Научно-популярное;2008
К-003;Поэзия;2025
К-004;Детектив;2021
К-005;Фантастика;2007
К-006;Поэзия;2001
К-007;Научно-популярное;2019
К-008;Поэзия;2005
К-009;Фантастика;2016
К-010;Научно-популярное;1995
К-011;Детектив;2013
К-012;Детектив;2011
К-013;Фантастика;2016
К-014;Научно-популярное;1997
К-015;Приключения;2025
К-016;Поэзия;2022
К-017;Поэзия;2004
К-018;Научно-популярное;2017
К-019;Поэзия;2007
К-020;Приключения;2018
К-021;Детектив;1997
К-022;Фантастика;2019
К-023;Приключения;2001
К-024;Поэзия;2004
К-025;Детектив;2021
К-026;Приключения;2012
К-027;Поэзия;2015
К-028;Детектив;1999
К-029;Фантастика;2002
К-030;Фантастика;1995
К-031;Поэзия;2007
К-032;Фантастика;2011
К-033;Поэзия;2000
К-034;Приключения;1996
К-035;Поэзия;2002
К-036;Научно-популярное;2025
К-037;Детектив;2019
К-038;Детектив;2003
К-039;Фантастика;2001
К-040;Научно-популярное;2012
К-041;Детектив;2024
К-042;Поэзия;2016
К-043;Научно-популярное;2000
К-044;Приключения;1996
К-045;Фантастика;2015
К-046;Поэзия;1996
К-047;Приключения;2025
К-048;Поэзия;2004
К-049;Детектив;2005
К-050;Научно-популярное;2017
К-051;Приключения;2007
К-052;Поэзия;1997
К-053;Детектив;2003
К-054;Поэзия;2004
К-055;Поэзия;2017
К-056;Детектив;2009
К-057;Детектив;2009
К-058;Приключения;2012
К-059;Детектив;2022
К-060;Приключения;2025
