ID;Дата;Клиент;Вход;Выход
1;28.11.2026;C01;15:46;18:52
2;09.11.2026;C05;16:08;16:40
3;09.11.2026;C45;10:17;12:50
4;28.11.2026;C25;10:07;13:24
5;02.11.2026;C10;15:26;17:59
6;19.11.2026;C37;10:08;13:19
7;03.11.2026;C27;08:12;10:41
8;05.11.2026;C29;10:36;13:13
9;22.11.2026;C27;12:57;15:30
10;28.11.2026;C31;12:48;13:22
11;30.11.2026;C27;18:13;20:37
12;01.11.2026;C26;16:01;17:41
13;14.11.2026;C30;08:19;09:35
14;30.11.2026;C21;15:36;16:41
15;18.11.2026;C35;16:29;18:58
16;21.11.2026;C44;08:27;09:57
17;27.11.2026;C22;09:39;10:42
18;27.11.2026;C22;11:36;14:45
19;21.11.2026;C24;18:50;20:15
20;15.11.2026;C38;11:33;12:09
21;27.11.2026;C22;11:22;12:43
22;22.11.2026;C10;11:51;14:26
23;18.11.2026;C17;18:29;20:16
24;13.11.2026;C10;16:05;16:36
25;01.11.2026;C50;18:04;21:13
26;03.11.2026;C18;11:22;14:34
27;20.11.2026;C25;07:26;09:38
28;26.11.2026;C20;10:19;10:54
29;06.11.2026;C12;11:32;14:10
30;13.11.2026;C11;12:25;13:21
31;22.11.2026;C18;15:04;18:15
32;17.11.2026;C46;13:11;14:20
33;14.11.2026;C12;12:48;15:33
34;25.11.2026;C05;16:45;18:58
35;01.11.2026;C32;07:48;09:13
36;30.11.2026;C49;12:36;14:37
37;18.11.2026;C29;16:21;17:42
38;25.11.2026;C20;08:17;10:40
39;25.11.2026;C26;12:10;13:09
40;24.11.2026;C33;14:56;17:17
41;29.11.2026;C10;09:18;12:32
42;23.11.2026;C01;15:54;17:19
43;23.11.2026;C12;08:43;11:14
44;04.11.2026;C24;08:54;11:15
45;19.11.2026;C22;18:23;20:35
46;01.11.2026;C18;08:17;09:12
47;15.11.2026;C26;09:09;09:54
48;25.11.2026;C49;13:40;16:45
49;11.11.2026;C43;07:30;10:06
50;09.11.2026;C41;11:15;13:35
51;16.11.2026;C05;12:49;15:58
52;20.11.2026;C08;07:22;08:04
53;11.11.2026;C38;09:25;10:19
54;05.11.2026;C41;18:28;21:32
55;07.11.2026;C06;10:31;11:20
56;30.11.2026;C40;11:44;13:18
57;20.11.2026;C28;16:39;18:22
58;20.11.2026;C14;14:12;15:24
59;26.11.2026;C25;13:04;15:32
60;25.11.2026;C29;17:51;18:51
61;13.11.2026;C23;13:12;16:14
62;07.11.2026;C23;12:31;14:10
63;15.11.2026;C33;09:40;11:00
64;21.11.2026;C23;13:09;16:26
65;30.11.2026;C19;13:31;16:23
66;02.11.2026;C40;12:54;14:27
67;18.11.2026;C09;13:47;16:53
68;19.11.2026;C02;18:10;20:22
69;16.11.2026;C41;09:15;11:50
70;22.11.2026;C03;18:09;19:26
71;11.11.2026;C49;15:10;16:02
72;23.11.2026;C44;14:13;15:13
73;10.11.2026;C12;08:32;09:14
74;20.11.2026;C04;18:40;21:15
75;08.11.2026;C49;12:59;14:16
76;10.11.2026;C11;13:55;14:46
77;20.11.2026;C39;15:12;17:47
78;03.11.2026;C37;11:53;13:02
79;30.11.2026;C43;14:51;16:25
80;07.11.2026;C25;08:01;09:46
81;02.11.2026;C17;14:54;18:04
82;10.11.2026;C12;09:33;11:08
83;26.11.2026;C47;07:51;10:39
84;01.11.2026;C41;15:42;17:58
85;02.11.2026;C29;12:37;14:49
86;01.11.2026;C05;07:11;10:04
87;27.11.2026;C43;09:02;09:29
88;25.11.2026;C17;15:24;16:53
89;03.11.2026;C14;08:28;09:00
90;14.11.2026;C12;16:32;18:52
91;13.11.2026;C38;15:33;18:21
92;20.11.2026;C16;10:34;12:03
93;11.11.2026;C48;10:39;12:34
94;20.11.2026;C35;17:41;19:53
95;28.11.2026;C15;18:28;21:29
96;24.11.2026;C02;12:43;14:36
97;28.11.2026;C48;13:42;16:07
98;06.11.2026;C20;18:12;18:51
99;12.11.2026;C17;13:24;16:04
100;10.11.2026;C23;18:58;19:24
101;15.11.2026;C45;07:07;07:54
102;18.11.2026;C36;17:04;17:50
103;11.11.2026;C37;18:46;19:48
104;30.11.2026;C37;11:30;13:39
105;22.11.2026;C41;16:07;19:22
106;17.11.2026;C13;15:22;16:40
107;17.11.2026;C31;12:03;14:40
108;01.11.2026;C43;13:01;14:54
109;06.11.2026;C06;18:14;21:14
110;26.11.2026;C04;12:00;13:49
111;26.11.2026;C07;13:14;14:47
112;19.11.2026;C29;11:35;12:29
113;28.11.2026;C34;08:12;11:13
114;26.11.2026;C49;11:13;13:02
115;05.11.2026;C01;07:19;10:26
116;21.11.2026;C31;18:57;19:44
117;19.11.2026;C19;11:49;12:49
118;17.11.2026;C30;13:39;14:44
119;15.11.2026;C39;16:37;17:31
120;29.11.2026;C24;18:56;20:40
121;28.11.2026;C34;09:55;10:44
122;15.11.2026;C12;08:47;09:34
123;30.11.2026;C04;10:26;12:51
124;22.11.2026;C47;07:00;09:13
125;17.11.2026;C27;12:32;15:17
126;10.11.2026;C42;12:59;15:59
127;26.11.2026;C22;09:21;10:54
128;03.11.2026;C29;15:57;17:38
129;04.11.2026;C01;16:24;17:11
130;08.11.2026;C41;11:04;12:33
131;29.11.2026;C44;09:38;12:30
132;12.11.2026;C40;14:57;15:40
133;10.11.2026;C44;10:08;11:35
134;23.11.2026;C35;09:58;12:16
135;30.11.2026;C48;13:18;16:21
136;07.11.2026;C03;18:43;21:23
137;21.11.2026;C18;13:17;14:26
138;24.11.2026;C18;18:40;21:48
139;23.11.2026;C27;10:48;13:37
140;12.11.2026;C46;15:13;16:36
141;01.11.2026;C43;07:27;10:05
142;22.11.2026;C47;18:16;19:50
143;13.11.2026;C25;09:30;11:43
144;12.11.2026;C37;12:05;12:39
145;06.11.2026;C30;17:37;19:03
146;07.11.2026;C16;10:55;11:59
147;11.11.2026;C33;15:50;18:43
148;20.11.2026;C11;15:08;18:26
149;25.11.2026;C15;09:42;11:27
150;15.11.2026;C13;08:59;11:59
151;05.11.2026;C31;09:45;11:04
152;06.11.2026;C34;16:50;19:08
153;30.11.2026;C21;15:44;16:41
154;23.11.2026;C22;09:52;11:34
155;14.11.2026;C37;18:18;21:33
156;16.11.2026;C15;10:05;11:44
157;26.11.2026;C22;18:13;19:19
158;01.11.2026;C45;08:24;09:42
159;28.11.2026;C16;12:35;13:54
160;29.11.2026;C19;16:48;17:52
161;21.11.2026;C27;15:18;17:06
162;27.11.2026;C14;14:54;18:14
163;12.11.2026;C43;13:23;14:16
164;01.11.2026;C36;11:29;13:02
165;03.11.2026;C50;17:58;20:59
166;29.11.2026;C39;13:27;15:50
167;10.11.2026;C44;08:38;10:38
168;06.11.2026;C10;11:06;13:28
169;04.11.2026;C25;11:23;13:23
170;08.11.2026;C43;17:59;19:52
171;23.11.2026;C48;16:24;18:07
172;09.11.2026;C09;08:26;10:41
173;26.11.2026;C05;07:57;09:22
174;23.11.2026;C07;09:54;11:56
175;08.11.2026;C28;11:18;12:41
176;01.11.2026;C08;09:39;10:51
177;20.11.2026;C11;18:10;19:29
178;24.11.2026;C27;18:55;22:03
179;25.11.2026;C14;18:09;21:07
180;07.11.2026;C50;08:40;10:01
181;26.11.2026;C26;16:37;18:40
182;04.11.2026;C07;12:23;13:34
183;20.11.2026;C01;18:30;20:27
184;27.11.2026;C17;12:49;15:56
185;28.11.2026;C50;10:09;13:06
186;14.11.2026;C03;16:06;18:57
187;16.11.2026;C09;09:10;09:41
188;14.11.2026;C35;13:09;13:46
189;27.11.2026;C03;09:52;11:41
190;18.11.2026;C38;09:57;11:29
191;17.11.2026;C09;17:28;19:15
192;19.11.2026;C49;13:46;16:19
193;29.11.2026;C18;08:32;10:39
194;22.11.2026;C47;17:23;20:19
195;25.11.2026;C32;14:07;16:27
196;19.11.2026;C49;15:29;17:25
197;27.11.2026;C31;14:23;17:04
198;24.11.2026;C38;10:06;11:37
199;11.11.2026;C40;15:41;17:03
200;28.11.2026;C46;13:42;16:52
201;26.11.2026;C13;16:27;19:12
202;30.11.2026;C35;08:07;10:40
203;08.11.2026;C50;15:13;18:21
204;28.11.2026;C16;07:10;10:12
205;24.11.2026;C33;08:09;08:49
206;25.11.2026;C07;11:31;12:09
207;02.11.2026;C49;13:29;16:01
208;28.11.2026;C14;07:30;10:28
209;22.11.2026;C11;07:25;09:11
210;16.11.2026;C41;10:28;12:38
211;27.11.2026;C16;14:18;15:57
212;03.11.2026;C29;11:12;13:00
213;13.11.2026;C12;17:01;18:39
214;13.11.2026;C34;07:56;10:21
215;17.11.2026;C15;13:05;14:36
216;15.11.2026;C11;18:53;19:43
217;14.11.2026;C49;11:04;14:04
218;13.11.2026;C42;16:32;19:43
219;23.11.2026;C50;08:02;09:21
220;03.11.2026;C43;10:26;13:38
221;12.11.2026;C17;08:34;10:24
222;26.11.2026;C22;08:31;10:23
223;21.11.2026;C22;18:53;19:28
224;06.11.2026;C34;10:07;10:59
225;28.11.2026;C29;14:36;15:33
226;26.11.2026;C23;10:45;12:41
227;17.11.2026;C29;16:14;17:11
228;22.11.2026;C14;09:10;10:28
229;09.11.2026;C21;09:31;10:05
230;06.11.2026;C15;14:02;14:43
231;01.11.2026;C33;07:40;09:21
232;27.11.2026;C38;08:22;10:09
233;12.11.2026;C23;13:24;14:00
234;18.11.2026;C23;09:09;10:07
235;27.11.2026;C03;16:01;19:00
236;06.11.2026;C01;10:19;13:17
237;09.11.2026;C20;07:28;08:36
238;08.11.2026;C45;16:04;16:55
239;27.11.2026;C41;12:55;13:26
240;25.11.2026;C10;08:38;09:41
241;29.11.2026;C08;11:23;13:39
242;02.11.2026;C12;14:11;16:34
243;15.11.2026;C15;14:17;15:17
244;30.11.2026;C22;11:53;15:10
245;14.11.2026;C03;11:16;13:54
246;17.11.2026;C21;10:52;12:26
247;11.11.2026;C44;18:59;21:40
248;08.11.2026;C03;16:03;18:43
249;07.11.2026;C10;18:41;20:15
250;28.11.2026;C10;08:32;10:42
251;12.11.2026;C21;09:12;10:16
252;10.11.2026;C45;11:30;13:02
253;23.11.2026;C03;14:27;15:26
254;22.11.2026;C01;18:49;21:57
255;22.11.2026;C28;10:19;13:25
256;27.11.2026;C32;07:39;10:53
257;10.11.2026;C49;11:48;12:23
258;07.11.2026;C07;08:48;10:50
259;21.11.2026;C45;18:56;21:52
260;04.11.2026;C06;11:34;14:40
261;26.11.2026;C26;12:44;13:46
262;05.11.2026;C24;18:56;21:39
263;28.11.2026;C33;18:16;20:41
264;04.11.2026;C22;13:24;15:47
265;28.11.2026;C27;17:35;19:32
266;10.11.2026;C04;17:01;18:19
267;02.11.2026;C46;13:02;14:01
268;26.11.2026;C35;08:16;10:07
269;06.11.2026;C28;09:00;09:30
270;01.11.2026;C42;13:32;14:23
271;06.11.2026;C24;16:00;17:07
272;29.11.2026;C44;08:30;09:07
273;15.11.2026;C42;17:00;19:24
274;09.11.2026;C39;14:33;17:26
275;17.11.2026;C41;15:51;18:28
276;13.11.2026;C38;07:54;10:42
277;21.11.2026;C35;16:31;17:53
278;22.11.2026;C15;12:59;15:16
279;03.11.2026;C07;15:16;15:44
280;04.11.2026;C15;08:34;11:07
281;20.11.2026;C19;18:23;20:52
282;15.11.2026;C45;11:33;14:46
283;10.11.2026;C32;18:03;19:02
284;22.11.2026;C43;14:57;18:06
285;20.11.2026;C29;09:27;10:35
286;16.11.2026;C21;09:58;12:52
287;18.11.2026;C40;10:36;12:05
288;03.11.2026;C09;07:38;10:18
289;30.11.2026;C03;18:12;19:23
290;16.11.2026;C17;18:38;21:40
291;05.11.2026;C46;12:21;15:26
292;03.11.2026;C23;07:44;08:45
293;20.11.2026;C37;12:44;16:00
294;16.11.2026;C04;08:10;11:23
295;03.11.2026;C07;09:56;11:59
296;16.11.2026;C04;18:16;18:49
297;21.11.2026;C47;09:37;12:37
298;04.11.2026;C19;13:48;16:21
299;10.11.2026;C12;15:08;15:49
300;10.11.2026;C40;13:57;15:30
301;28.11.2026;C43;07:12;07:58
302;13.11.2026;C12;07:28;10:23
303;02.11.2026;C01;11:36;12:28
304;14.11.2026;C29;16:20;19:30
305;19.11.2026;C21;16:30;18:21
306;12.11.2026;C18;14:26;16:32
307;16.11.2026;C22;17:26;18:51
308;29.11.2026;C24;16:09;18:28
309;07.11.2026;C44;13:34;14:05
310;01.11.2026;C06;17:50;19:14
311;06.11.2026;C42;12:31;13:09
312;17.11.2026;C36;10:51;13:28
313;11.11.2026;C13;16:51;19:30
314;17.11.2026;C21;17:50;20:37
315;07.11.2026;C15;18:36;21:30
316;30.11.2026;C21;10:08;11:29
317;28.11.2026;C49;14:12;15:21
318;24.11.2026;C04;18:00;20:51
319;03.11.2026;C15;08:05;10:09
320;29.11.2026;C13;15:51;17:48
321;17.11.2026;C12;11:48;14:45
322;23.11.2026;C44;07:52;11:03
323;28.11.2026;C22;17:59;21:13
324;09.11.2026;C43;09:33;12:44
325;16.11.2026;C38;10:07;12:43
326;22.11.2026;C43;10:03;12:51
327;28.11.2026;C33;13:19;15:43
328;09.11.2026;C47;09:33;10:17
329;09.11.2026;C06;15:46;16:22
330;19.11.2026;C38;17:24;18:54
331;07.11.2026;C30;15:57;18:07
332;17.11.2026;C10;14:15;16:52
333;03.11.2026;C38;09:35;12:52
334;22.11.2026;C03;07:08;09:41
335;05.11.2026;C34;17:55;18:26
336;26.11.2026;C45;15:05;15:41
337;12.11.2026;C31;11:54;12:52
338;09.11.2026;C16;17:42;18:39
339;21.11.2026;C03;08:45;09:27
340;25.11.2026;C03;08:12;10:59
341;14.11.2026;C01;14:34;16:28
342;10.11.2026;C16;12:22;13:27
343;19.11.2026;C26;18:31;20:48
344;25.11.2026;C15;07:42;08:48
345;04.11.2026;C38;07:44;08:54
346;17.11.2026;C08;09:10;12:05
347;20.11.2026;C46;16:15;17:20
348;30.11.2026;C25;11:59;12:28
349;08.11.2026;C18;16:01;19:12
350;15.11.2026;C05;07:16;08:15
351;24.11.2026;C32;08:28;10:32
352;08.11.2026;C02;17:38;20:17
353;01.11.2026;C16;08:58;11:28
354;25.11.2026;C20;17:30;18:06
355;03.11.2026;C29;07:39;10:20
356;02.11.2026;C21;09:58;12:32
357;18.11.2026;C33;17:13;19:35
358;07.11.2026;C29;14:29;15:21
359;27.11.2026;C47;15:39;18:54
360;15.11.2026;C09;07:42;08:35
361;24.11.2026;C35;16:15;18:38
362;28.11.2026;C40;18:36;21:16
363;08.11.2026;C14;18:06;20:13
364;18.11.2026;C10;10:48;12:40
365;05.11.2026;C47;14:53;16:45
366;12.11.2026;C14;13:19;14:32
367;18.11.2026;C48;17:43;18:45
368;15.11.2026;C04;10:31;13:31
369;06.11.2026;C32;18:04;19:33
370;18.11.2026;C42;12:30;14:46
371;02.11.2026;C32;08:41;11:50
372;05.11.2026;C31;13:44;14:24
373;03.11.2026;C26;13:11;13:44
374;25.11.2026;C11;13:15;14:51
375;14.11.2026;C33;14:50;15:30
376;15.11.2026;C02;07:29;09:58
377;07.11.2026;C15;09:45;12:46
378;02.11.2026;C40;09:25;11:09
379;26.11.2026;C47;13:46;15:40
380;14.11.2026;C02;17:42;18:50
381;27.11.2026;C17;09:04;10:39
382;10.11.2026;C14;09:12;10:59
383;02.11.2026;C19;16:51;18:04
384;30.11.2026;C05;16:58;19:24
385;07.11.2026;C30;08:41;10:47
386;02.11.2026;C06;07:47;09:49
387;07.11.2026;C46;08:50;10:57
388;21.11.2026;C43;11:04;12:28
389;26.11.2026;C19;10:54;12:55
390;02.11.2026;C01;15:32;17:52
391;25.11.2026;C09;17:04;17:46
392;14.11.2026;C26;17:21;20:27
393;30.11.2026;C08;07:32;09:59
394;14.11.2026;C19;10:10;12:04
395;25.11.2026;C22;15:04;16:43
396;22.11.2026;C48;17:02;19:02
397;27.11.2026;C36;13:01;14:25
398;16.11.2026;C45;09:20;10:23
399;27.11.2026;C09;09:45;11:01
400;08.11.2026;C16;15:23;16:24
401;03.11.2026;C36;18:46;19:28
402;02.11.2026;C06;07:12;10:08
403;18.11.2026;C47;16:53;18:54
404;28.11.2026;C24;13:48;16:05
405;20.11.2026;C34;08:22;10:34
406;26.11.2026;C10;09:04;11:53
407;19.11.2026;C31;16:46;17:42
408;14.11.2026;C47;18:17;19:45
409;06.11.2026;C01;10:54;11:34
410;16.11.2026;C01;08:01;08:44
411;01.11.2026;C11;17:03;18:56
412;30.11.2026;C21;15:51;17:13
413;01.11.2026;C19;15:29;17:16
414;04.11.2026;C06;09:14;11:50
415;04.11.2026;C13;11:35;12:40
416;06.11.2026;C37;08:40;11:04
417;14.11.2026;C13;09:09;11:06
418;06.11.2026;C47;11:10;13:32
419;05.11.2026;C27;14:54;17:35
420;05.11.2026;C38;13:18;15:21
421;30.11.2026;C03;07:36;09:31
422;27.11.2026;C26;14:16;15:49
423;15.11.2026;C50;13:23;15:59
424;07.11.2026;C19;09:07;10:55
425;30.11.2026;C04;10:33;11:03
426;14.11.2026;C32;15:05;17:58
427;14.11.2026;C31;13:38;14:19
428;20.11.2026;C49;07:27;08:59
429;01.11.2026;C30;10:12;11:52
430;24.11.2026;C13;15:45;16:35
431;17.11.2026;C21;08:00;08:26
432;26.11.2026;C41;08:59;10:49
433;05.11.2026;C38;16:42;17:53
434;07.11.2026;C36;07:04;10:04
435;20.11.2026;C44;17:30;20:20
436;02.11.2026;C17;11:44;13:41
437;19.11.2026;C08;09:47;12:18
438;01.11.2026;C17;08:18;09:31
439;24.11.2026;C13;10:02;11:30
440;18.11.2026;C14;08:58;11:19
441;30.11.2026;C14;08:06;11:17
442;20.11.2026;C28;07:06;09:58
443;12.11.2026;C28;15:11;17:59
444;08.11.2026;C07;07:39;10:05
445;02.11.2026;C36;11:28;11:54
446;13.11.2026;C25;11:19;11:57
447;04.11.2026;C01;16:23;19:21
448;08.11.2026;C22;14:40;16:34
449;06.11.2026;C19;11:42;13:23
450;08.11.2026;C06;07:27;09:49
