Клиент;Тариф;Район
C01;Утро;Центр
C02;Премиум;Центр
C03;Утро;Лесной
C04;Премиум;Заводской
C05;Премиум;Лесной
C06;Стандарт;Центр
C07;Стандарт;Заводской
C08;Премиум;Центр
C09;Стандарт;Лесной
C10;Премиум;Лесной
C11;Утро;Лесной
C12;Утро;Лесной
C13;Стандарт;Центр
C14;Стандарт;Заводской
C15;Утро;Лесной
C16;Премиум;Заводской
C17;Стандарт;Лесной
C18;Утро;Центр
C19;Утро;Заводской
C20;Утро;Центр
C21;Утро;Лесной
C22;Стандарт;Центр
C23;Премиум;Центр
C24;Премиум;Лесной
C25;Премиум;Лесной
C26;Стандарт;Лесной
C27;Утро;Лесной
C28;Утро;Заводской
C29;Стандарт;Лесной
C30;Премиум;Центр
C31;Премиум;Заводской
C32;Утро;Лесной
C33;Стандарт;Центр
C34;Стандарт;Лесной
C35;Утро;Центр
C36;Премиум;Лесной
C37;Премиум;Центр
C38;Стандарт;Центр
C39;Утро;Заводской
C40;Утро;Заводской
C41;Премиум;Лесной
C42;Утро;Центр
C43;Премиум;Лесной
C44;Утро;Лесной
C45;Стандарт;Центр
C46;Утро;Заводской
C47;Утро;Центр
C48;Стандарт;Центр
C49;Премиум;Лесной
C50;Утро;Лесной
