ID;Дата;Билет;Шифр;Операция
1;06.10.2026;5067;К-005;Выдача
2;09.10.2026;5045;К-018;Выдача
3;23.10.2026;5025;К-025;Выдача
4;11.10.2026;5066;К-026;Выдача
5;19.10.2026;5080;К-019;Выдача
6;15.10.2026;5073;К-027;Выдача
7;20.10.2026;5067;К-046;Возврат
8;18.10.2026;5038;К-035;Выдача
9;24.10.2026;5077;К-047;Выдача
10;04.10.2026;5047;К-042;Выдача
11;15.10.2026;5054;К-057;Выдача
12;16.10.2026;5075;К-048;Выдача
13;08.10.2026;5078;К-037;Возврат
14;15.10.2026;5070;К-016;Выдача
15;04.10.2026;5002;К-034;Возврат
16;12.10.2026;5019;К-015;Возврат
17;27.10.2026;5042;К-045;Выдача
18;08.10.2026;5033;К-007;Выдача
19;02.10.2026;5059;К-059;Возврат
20;11.10.2026;5078;К-022;Выдача
21;11.10.2026;5052;К-029;Возврат
22;10.10.2026;5028;К-026;Выдача
23;09.10.2026;5078;К-055;Выдача
24;30.10.2026;5071;К-041;Возврат
25;16.10.2026;5036;К-044;Выдача
26;14.10.2026;5018;К-022;Выдача
27;27.10.2026;5071;К-015;Возврат
28;04.10.2026;5060;К-019;Выдача
29;24.10.2026;5065;К-048;Выдача
30;26.10.2026;5039;К-018;Выдача
31;21.10.2026;5064;К-029;Выдача
32;07.10.2026;5020;К-016;Выдача
33;12.10.2026;5049;К-058;Возврат
34;20.10.2026;5048;К-035;Выдача
35;28.10.2026;5048;К-052;Возврат
36;30.10.2026;5041;К-026;Выдача
37;18.10.2026;5011;К-040;Выдача
38;23.10.2026;5036;К-035;Выдача
39;17.10.2026;5076;К-001;Выдача
40;26.10.2026;5034;К-025;Выдача
41;29.10.2026;5044;К-033;Выдача
42;27.10.2026;5055;К-044;Выдача
43;20.10.2026;5011;К-004;Возврат
44;25.10.2026;5032;К-039;Выдача
45;20.10.2026;5058;К-033;Выдача
46;12.10.2026;5070;К-045;Выдача
47;02.10.2026;5008;К-040;Выдача
48;04.10.2026;5056;К-052;Выдача
49;09.10.2026;5011;К-053;Возврат
50;15.10.2026;5012;К-025;Возврат
51;14.10.2026;5080;К-003;Возврат
52;14.10.2026;5060;К-057;Выдача
53;28.10.2026;5040;К-017;Возврат
54;30.10.2026;5078;К-014;Выдача
55;16.10.2026;5011;К-036;Выдача
56;01.10.2026;5058;К-028;Возврат
57;13.10.2026;5050;К-055;Выдача
58;02.10.2026;5053;К-023;Выдача
59;02.10.2026;5065;К-005;Выдача
60;04.10.2026;5001;К-003;Возврат
61;21.10.2026;5007;К-007;Возврат
62;16.10.2026;5047;К-052;Выдача
63;08.10.2026;5011;К-060;Возврат
64;18.10.2026;5051;К-039;Возврат
65;15.10.2026;5066;К-007;Выдача
66;11.10.2026;5045;К-060;Возврат
67;26.10.2026;5069;К-052;Выдача
68;29.10.2026;5020;К-036;Выдача
69;23.10.2026;5019;К-041;Выдача
70;24.10.2026;5003;К-028;Выдача
71;05.10.2026;5015;К-023;Выдача
72;18.10.2026;5014;К-009;Выдача
73;19.10.2026;5065;К-030;Выдача
74;25.10.2026;5027;К-015;Выдача
75;26.10.2026;5003;К-059;Возврат
76;10.10.2026;5016;К-048;Возврат
77;20.10.2026;5068;К-046;Возврат
78;26.10.2026;5073;К-026;Возврат
79;04.10.2026;5019;К-030;Выдача
80;16.10.2026;5019;К-045;Возврат
81;20.10.2026;5034;К-013;Выдача
82;05.10.2026;5077;К-022;Выдача
83;20.10.2026;5027;К-017;Выдача
84;06.10.2026;5043;К-009;Возврат
85;01.10.2026;5007;К-055;Возврат
86;16.10.2026;5080;К-002;Выдача
87;06.10.2026;5057;К-035;Выдача
88;19.10.2026;5056;К-019;Выдача
89;29.10.2026;5036;К-028;Выдача
90;27.10.2026;5065;К-040;Возврат
91;11.10.2026;5059;К-019;Выдача
92;11.10.2026;5060;К-004;Возврат
93;20.10.2026;5002;К-003;Выдача
94;03.10.2026;5041;К-001;Выдача
95;18.10.2026;5076;К-011;Выдача
96;16.10.2026;5023;К-041;Выдача
97;02.10.2026;5040;К-006;Возврат
98;17.10.2026;5044;К-003;Выдача
99;12.10.2026;5003;К-035;Выдача
100;18.10.2026;5011;К-045;Выдача
101;13.10.2026;5076;К-030;Выдача
102;16.10.2026;5038;К-005;Выдача
103;09.10.2026;5033;К-004;Возврат
104;01.10.2026;5017;К-014;Выдача
105;10.10.2026;5008;К-025;Выдача
106;17.10.2026;5027;К-037;Выдача
107;15.10.2026;5076;К-004;Выдача
108;22.10.2026;5038;К-054;Возврат
109;04.10.2026;5019;К-022;Возврат
110;13.10.2026;5032;К-028;Выдача
111;20.10.2026;5011;К-005;Возврат
112;29.10.2026;5028;К-045;Возврат
113;08.10.2026;5006;К-047;Возврат
114;27.10.2026;5005;К-030;Выдача
115;16.10.2026;5024;К-031;Выдача
116;28.10.2026;5034;К-049;Возврат
117;12.10.2026;5069;К-027;Выдача
118;04.10.2026;5047;К-008;Выдача
119;20.10.2026;5012;К-059;Возврат
120;26.10.2026;5070;К-054;Выдача
121;08.10.2026;5011;К-018;Выдача
122;18.10.2026;5029;К-053;Выдача
123;03.10.2026;5012;К-060;Выдача
124;27.10.2026;5003;К-033;Возврат
125;23.10.2026;5062;К-028;Выдача
126;04.10.2026;5052;К-040;Выдача
127;17.10.2026;5066;К-004;Выдача
128;28.10.2026;5064;К-014;Выдача
129;01.10.2026;5029;К-060;Выдача
130;20.10.2026;5027;К-038;Выдача
131;15.10.2026;5022;К-023;Возврат
132;06.10.2026;5025;К-056;Возврат
133;17.10.2026;5077;К-055;Выдача
134;05.10.2026;5050;К-060;Выдача
135;26.10.2026;5034;К-003;Выдача
136;29.10.2026;5027;К-033;Возврат
137;16.10.2026;5047;К-004;Возврат
138;03.10.2026;5023;К-034;Выдача
139;18.10.2026;5067;К-027;Выдача
140;09.10.2026;5060;К-004;Возврат
141;22.10.2026;5050;К-049;Выдача
142;16.10.2026;5011;К-001;Возврат
143;02.10.2026;5046;К-005;Возврат
144;03.10.2026;5037;К-031;Возврат
145;18.10.2026;5059;К-005;Выдача
146;03.10.2026;5020;К-054;Возврат
147;24.10.2026;5068;К-047;Выдача
148;01.10.2026;5062;К-007;Выдача
149;04.10.2026;5058;К-029;Выдача
150;09.10.2026;5040;К-027;Возврат
151;18.10.2026;5042;К-020;Выдача
152;30.10.2026;5022;К-032;Выдача
153;05.10.2026;5036;К-051;Возврат
154;04.10.2026;5039;К-031;Выдача
155;22.10.2026;5063;К-037;Возврат
156;23.10.2026;5050;К-046;Выдача
157;26.10.2026;5021;К-036;Выдача
158;17.10.2026;5013;К-029;Выдача
159;20.10.2026;5065;К-031;Возврат
160;10.10.2026;5058;К-058;Выдача
161;25.10.2026;5033;К-005;Выдача
162;08.10.2026;5054;К-049;Выдача
163;12.10.2026;5053;К-002;Выдача
164;25.10.2026;5069;К-053;Выдача
165;14.10.2026;5056;К-028;Выдача
166;27.10.2026;5019;К-036;Возврат
167;17.10.2026;5060;К-045;Выдача
168;12.10.2026;5058;К-042;Выдача
169;03.10.2026;5043;К-042;Выдача
170;20.10.2026;5051;К-054;Выдача
171;23.10.2026;5048;К-011;Выдача
172;19.10.2026;5057;К-020;Возврат
173;18.10.2026;5016;К-058;Возврат
174;19.10.2026;5069;К-057;Возврат
175;27.10.2026;5058;К-058;Выдача
176;14.10.2026;5007;К-044;Выдача
177;10.10.2026;5064;К-034;Возврат
178;06.10.2026;5045;К-056;Выдача
179;15.10.2026;5073;К-032;Выдача
180;30.10.2026;5008;К-029;Возврат
181;16.10.2026;5023;К-002;Возврат
182;01.10.2026;5020;К-055;Выдача
183;05.10.2026;5075;К-018;Выдача
184;13.10.2026;5041;К-044;Выдача
185;13.10.2026;5019;К-034;Выдача
186;03.10.2026;5071;К-055;Выдача
187;24.10.2026;5006;К-023;Выдача
188;08.10.2026;5022;К-005;Возврат
189;09.10.2026;5021;К-027;Выдача
190;11.10.2026;5028;К-032;Выдача
191;11.10.2026;5043;К-033;Возврат
192;11.10.2026;5064;К-037;Возврат
193;03.10.2026;5003;К-056;Выдача
194;22.10.2026;5019;К-032;Возврат
195;03.10.2026;5059;К-002;Выдача
196;22.10.2026;5034;К-027;Возврат
197;28.10.2026;5026;К-003;Выдача
198;09.10.2026;5040;К-013;Выдача
199;28.10.2026;5031;К-047;Выдача
200;20.10.2026;5066;К-001;Выдача
201;13.10.2026;5062;К-029;Возврат
202;11.10.2026;5057;К-027;Выдача
203;18.10.2026;5072;К-046;Выдача
204;19.10.2026;5012;К-003;Выдача
205;27.10.2026;5024;К-018;Возврат
206;08.10.2026;5008;К-015;Возврат
207;17.10.2026;5004;К-054;Возврат
208;26.10.2026;5062;К-049;Выдача
209;17.10.2026;5009;К-037;Выдача
210;15.10.2026;5074;К-014;Выдача
211;14.10.2026;5017;К-008;Возврат
212;15.10.2026;5061;К-005;Возврат
213;04.10.2026;5056;К-054;Выдача
214;01.10.2026;5056;К-026;Возврат
215;04.10.2026;5053;К-058;Выдача
216;08.10.2026;5062;К-024;Возврат
217;26.10.2026;5072;К-012;Выдача
218;12.10.2026;5037;К-038;Возврат
219;12.10.2026;5056;К-041;Выдача
220;26.10.2026;5013;К-021;Выдача
221;18.10.2026;5037;К-045;Возврат
222;13.10.2026;5038;К-043;Возврат
223;11.10.2026;5029;К-012;Выдача
224;20.10.2026;5038;К-030;Выдача
225;16.10.2026;5073;К-034;Возврат
226;25.10.2026;5028;К-020;Возврат
227;30.10.2026;5011;К-039;Выдача
228;24.10.2026;5028;К-059;Выдача
229;29.10.2026;5044;К-026;Возврат
230;25.10.2026;5031;К-024;Выдача
231;20.10.2026;5077;К-012;Выдача
232;28.10.2026;5066;К-042;Выдача
233;16.10.2026;5056;К-001;Выдача
234;29.10.2026;5033;К-026;Возврат
235;28.10.2026;5041;К-010;Выдача
236;02.10.2026;5071;К-001;Возврат
237;18.10.2026;5064;К-052;Выдача
238;08.10.2026;5050;К-001;Возврат
239;06.10.2026;5053;К-007;Возврат
240;26.10.2026;5008;К-038;Возврат
241;11.10.2026;5005;К-004;Выдача
242;30.10.2026;5036;К-052;Выдача
243;28.10.2026;5063;К-024;Выдача
244;30.10.2026;5006;К-058;Выдача
245;14.10.2026;5028;К-015;Выдача
246;01.10.2026;5057;К-005;Выдача
247;30.10.2026;5024;К-018;Выдача
248;29.10.2026;5010;К-033;Возврат
249;24.10.2026;5018;К-006;Выдача
250;26.10.2026;5063;К-022;Выдача
251;25.10.2026;5079;К-001;Возврат
252;02.10.2026;5014;К-041;Выдача
253;18.10.2026;5060;К-046;Выдача
254;01.10.2026;5047;К-055;Выдача
255;04.10.2026;5011;К-037;Выдача
256;24.10.2026;5066;К-049;Выдача
257;06.10.2026;5008;К-037;Возврат
258;19.10.2026;5049;К-043;Выдача
259;27.10.2026;5047;К-034;Выдача
260;06.10.2026;5015;К-006;Выдача
261;02.10.2026;5042;К-057;Возврат
262;28.10.2026;5034;К-008;Выдача
263;29.10.2026;5007;К-012;Возврат
264;21.10.2026;5004;К-037;Выдача
265;12.10.2026;5031;К-020;Возврат
266;10.10.2026;5004;К-018;Выдача
267;20.10.2026;5069;К-059;Возврат
268;26.10.2026;5004;К-046;Выдача
269;14.10.2026;5060;К-049;Выдача
270;22.10.2026;5072;К-059;Возврат
271;02.10.2026;5045;К-019;Выдача
272;16.10.2026;5054;К-029;Выдача
273;08.10.2026;5039;К-059;Выдача
274;02.10.2026;5078;К-053;Выдача
275;24.10.2026;5003;К-036;Выдача
276;06.10.2026;5056;К-025;Выдача
277;12.10.2026;5073;К-017;Выдача
278;25.10.2026;5059;К-017;Выдача
279;24.10.2026;5005;К-024;Выдача
280;20.10.2026;5020;К-057;Выдача
281;10.10.2026;5052;К-057;Возврат
282;04.10.2026;5039;К-023;Выдача
283;01.10.2026;5080;К-032;Возврат
284;09.10.2026;5046;К-019;Выдача
285;18.10.2026;5045;К-024;Выдача
286;15.10.2026;5045;К-024;Выдача
287;13.10.2026;5030;К-030;Выдача
288;28.10.2026;5048;К-018;Возврат
289;26.10.2026;5077;К-005;Возврат
290;18.10.2026;5075;К-034;Выдача
291;19.10.2026;5042;К-055;Выдача
292;28.10.2026;5043;К-037;Выдача
293;17.10.2026;5063;К-023;Выдача
294;02.10.2026;5066;К-028;Выдача
295;06.10.2026;5076;К-039;Возврат
296;02.10.2026;5023;К-007;Выдача
297;15.10.2026;5052;К-026;Выдача
298;29.10.2026;5059;К-029;Выдача
299;04.10.2026;5019;К-058;Выдача
300;06.10.2026;5011;К-041;Возврат
301;03.10.2026;5060;К-028;Выдача
302;30.10.2026;5074;К-028;Выдача
303;08.10.2026;5010;К-004;Возврат
304;03.10.2026;5036;К-049;Выдача
305;12.10.2026;5055;К-037;Выдача
306;10.10.2026;5034;К-042;Выдача
307;27.10.2026;5001;К-038;Выдача
308;20.10.2026;5070;К-059;Выдача
309;17.10.2026;5005;К-058;Возврат
310;29.10.2026;5032;К-059;Возврат
311;03.10.2026;5063;К-027;Выдача
312;18.10.2026;5077;К-055;Выдача
313;17.10.2026;5054;К-011;Возврат
314;16.10.2026;5024;К-014;Выдача
315;13.10.2026;5069;К-018;Возврат
316;18.10.2026;5073;К-059;Выдача
317;14.10.2026;5054;К-010;Выдача
318;24.10.2026;5065;К-025;Возврат
319;24.10.2026;5021;К-032;Выдача
320;30.10.2026;5078;К-051;Выдача
321;25.10.2026;5030;К-060;Выдача
322;25.10.2026;5034;К-049;Выдача
323;13.10.2026;5068;К-035;Возврат
324;09.10.2026;5001;К-053;Выдача
325;23.10.2026;5011;К-059;Выдача
326;22.10.2026;5061;К-027;Выдача
327;20.10.2026;5044;К-009;Выдача
328;01.10.2026;5063;К-020;Возврат
329;16.10.2026;5048;К-046;Возврат
330;02.10.2026;5063;К-004;Выдача
331;13.10.2026;5043;К-028;Выдача
332;03.10.2026;5055;К-022;Выдача
333;07.10.2026;5046;К-059;Выдача
334;21.10.2026;5003;К-045;Выдача
335;13.10.2026;5045;К-033;Выдача
336;05.10.2026;5049;К-036;Выдача
337;19.10.2026;5070;К-039;Возврат
338;30.10.2026;5069;К-015;Выдача
339;15.10.2026;5074;К-037;Выдача
340;16.10.2026;5006;К-004;Выдача
341;22.10.2026;5057;К-034;Выдача
342;08.10.2026;5052;К-050;Возврат
343;07.10.2026;5038;К-050;Выдача
344;02.10.2026;5068;К-049;Выдача
345;14.10.2026;5056;К-038;Возврат
346;20.10.2026;5062;К-002;Выдача
347;02.10.2026;5040;К-023;Выдача
348;07.10.2026;5066;К-054;Выдача
349;08.10.2026;5034;К-032;Возврат
350;13.10.2026;5020;К-015;Выдача
351;29.10.2026;5013;К-010;Выдача
352;17.10.2026;5022;К-057;Выдача
353;24.10.2026;5075;К-051;Возврат
354;03.10.2026;5059;К-057;Выдача
355;25.10.2026;5073;К-040;Возврат
356;06.10.2026;5064;К-017;Выдача
357;17.10.2026;5080;К-049;Выдача
358;04.10.2026;5041;К-008;Выдача
359;15.10.2026;5028;К-011;Возврат
360;19.10.2026;5050;К-003;Выдача
361;12.10.2026;5047;К-032;Возврат
362;06.10.2026;5034;К-039;Выдача
363;25.10.2026;5036;К-003;Возврат
364;18.10.2026;5013;К-034;Выдача
365;22.10.2026;5031;К-034;Выдача
366;25.10.2026;5012;К-017;Выдача
367;05.10.2026;5026;К-046;Выдача
368;01.10.2026;5028;К-050;Выдача
369;27.10.2026;5012;К-019;Выдача
370;06.10.2026;5006;К-027;Выдача
371;25.10.2026;5020;К-030;Выдача
372;12.10.2026;5079;К-047;Выдача
373;28.10.2026;5048;К-041;Выдача
374;26.10.2026;5019;К-022;Выдача
375;20.10.2026;5044;К-010;Выдача
376;29.10.2026;5047;К-007;Возврат
377;06.10.2026;5002;К-055;Возврат
378;06.10.2026;5074;К-036;Выдача
379;13.10.2026;5003;К-059;Выдача
380;04.10.2026;5030;К-009;Выдача
381;29.10.2026;5017;К-006;Выдача
382;22.10.2026;5025;К-032;Возврат
383;19.10.2026;5004;К-004;Выдача
384;29.10.2026;5018;К-039;Выдача
385;17.10.2026;5023;К-031;Возврат
386;12.10.2026;5027;К-038;Возврат
387;26.10.2026;5043;К-019;Выдача
388;23.10.2026;5020;К-049;Выдача
389;13.10.2026;5003;К-039;Выдача
390;16.10.2026;5032;К-035;Выдача
391;26.10.2026;5030;К-053;Выдача
392;22.10.2026;5060;К-043;Возврат
393;10.10.2026;5023;К-028;Выдача
394;26.10.2026;5039;К-003;Выдача
395;18.10.2026;5035;К-004;Выдача
396;11.10.2026;5075;К-052;Выдача
397;29.10.2026;5017;К-034;Возврат
398;06.10.2026;5070;К-031;Выдача
399;08.10.2026;5060;К-059;Выдача
400;05.10.2026;5043;К-024;Выдача
401;20.10.2026;5024;К-051;Выдача
402;24.10.2026;5003;К-059;Выдача
403;01.10.2026;5013;К-051;Возврат
404;06.10.2026;5061;К-031;Выдача
405;09.10.2026;5004;К-050;Выдача
406;26.10.2026;5016;К-058;Выдача
407;16.10.2026;5005;К-033;Выдача
408;20.10.2026;5052;К-011;Выдача
409;04.10.2026;5078;К-004;Выдача
410;23.10.2026;5012;К-028;Возврат
411;15.10.2026;5028;К-049;Выдача
412;04.10.2026;5078;К-038;Возврат
413;25.10.2026;5062;К-052;Выдача
414;30.10.2026;5079;К-002;Выдача
415;14.10.2026;5012;К-001;Возврат
416;04.10.2026;5011;К-002;Выдача
417;25.10.2026;5048;К-031;Возврат
418;15.10.2026;5034;К-044;Выдача
419;24.10.2026;5047;К-059;Выдача
420;18.10.2026;5069;К-048;Выдача
421;11.10.2026;5028;К-021;Выдача
422;10.10.2026;5017;К-039;Выдача
423;19.10.2026;5033;К-056;Возврат
424;19.10.2026;5060;К-007;Выдача
425;03.10.2026;5018;К-054;Выдача
426;08.10.2026;5035;К-004;Выдача
427;12.10.2026;5054;К-020;Выдача
428;05.10.2026;5013;К-014;Возврат
429;18.10.2026;5033;К-032;Выдача
430;22.10.2026;5068;К-004;Возврат
431;02.10.2026;5052;К-050;Выдача
432;08.10.2026;5022;К-025;Выдача
433;10.10.2026;5009;К-008;Выдача
434;27.10.2026;5063;К-009;Выдача
435;25.10.2026;5024;К-033;Выдача
436;27.10.2026;5013;К-050;Возврат
437;29.10.2026;5073;К-039;Возврат
438;06.10.2026;5019;К-035;Выдача
439;04.10.2026;5018;К-004;Выдача
440;17.10.2026;5015;К-059;Выдача
441;26.10.2026;5037;К-002;Выдача
442;30.10.2026;5050;К-051;Выдача
443;17.10.2026;5064;К-057;Выдача
444;05.10.2026;5067;К-060;Возврат
445;13.10.2026;5022;К-003;Выдача
446;30.10.2026;5067;К-006;Выдача
447;11.10.2026;5036;К-037;Возврат
448;21.10.2026;5077;К-015;Возврат
449;20.10.2026;5011;К-056;Выдача
450;18.10.2026;5001;К-023;Возврат
451;14.10.2026;5012;К-031;Выдача
452;21.10.2026;5033;К-001;Выдача
453;21.10.2026;5023;К-036;Возврат
454;01.10.2026;5067;К-018;Возврат
455;28.10.2026;5029;К-009;Возврат
456;10.10.2026;5059;К-057;Выдача
457;24.10.2026;5006;К-014;Выдача
458;24.10.2026;5065;К-019;Выдача
459;04.10.2026;5008;К-013;Возврат
460;21.10.2026;5079;К-040;Возврат
461;07.10.2026;5002;К-055;Возврат
462;11.10.2026;5050;К-015;Выдача
463;16.10.2026;5016;К-014;Выдача
464;21.10.2026;5053;К-030;Выдача
465;30.10.2026;5075;К-001;Выдача
466;05.10.2026;5017;К-049;Выдача
467;23.10.2026;5079;К-049;Возврат
468;22.10.2026;5066;К-012;Выдача
469;16.10.2026;5067;К-032;Возврат
470;26.10.2026;5001;К-035;Выдача
471;12.10.2026;5067;К-012;Выдача
472;20.10.2026;5064;К-023;Выдача
473;17.10.2026;5078;К-006;Выдача
474;18.10.2026;5050;К-019;Выдача
475;09.10.2026;5072;К-012;Выдача
476;28.10.2026;5031;К-050;Выдача
477;05.10.2026;5077;К-044;Выдача
478;29.10.2026;5054;К-043;Возврат
479;03.10.2026;5006;К-019;Выдача
480;15.10.2026;5075;К-031;Возврат
481;16.10.2026;5050;К-037;Выдача
482;22.10.2026;5059;К-014;Выдача
483;11.10.2026;5014;К-021;Возврат
484;05.10.2026;5045;К-034;Возврат
485;05.10.2026;5002;К-056;Возврат
486;23.10.2026;5043;К-059;Выдача
487;21.10.2026;5020;К-050;Выдача
488;08.10.2026;5055;К-013;Выдача
489;25.10.2026;5020;К-030;Возврат
490;27.10.2026;5007;К-031;Возврат
491;10.10.2026;5050;К-035;Выдача
492;14.10.2026;5060;К-006;Выдача
493;06.10.2026;5070;К-011;Выдача
494;21.10.2026;5022;К-022;Выдача
495;16.10.2026;5050;К-049;Выдача
496;22.10.2026;5038;К-021;Возврат
497;10.10.2026;5070;К-032;Выдача
498;07.10.2026;5014;К-039;Выдача
499;24.10.2026;5076;К-011;Выдача
500;02.10.2026;5064;К-040;Выдача
501;17.10.2026;5022;К-039;Выдача
502;25.10.2026;5056;К-040;Выдача
503;24.10.2026;5077;К-022;Выдача
504;24.10.2026;5072;К-029;Выдача
505;17.10.2026;5025;К-054;Возврат
506;14.10.2026;5014;К-019;Выдача
507;29.10.2026;5042;К-016;Выдача
508;01.10.2026;5004;К-001;Выдача
509;21.10.2026;5011;К-044;Выдача
510;18.10.2026;5005;К-037;Выдача
511;05.10.2026;5032;К-058;Выдача
512;20.10.2026;5013;К-044;Возврат
513;08.10.2026;5021;К-041;Выдача
514;21.10.2026;5044;К-006;Выдача
515;07.10.2026;5022;К-018;Выдача
516;30.10.2026;5049;К-027;Выдача
517;29.10.2026;5046;К-009;Возврат
518;24.10.2026;5069;К-016;Возврат
519;24.10.2026;5059;К-050;Возврат
520;14.10.2026;5040;К-053;Выдача
521;23.10.2026;5008;К-053;Выдача
522;26.10.2026;5060;К-057;Возврат
523;18.10.2026;5012;К-032;Выдача
524;11.10.2026;5006;К-043;Возврат
525;03.10.2026;5040;К-032;Выдача
526;15.10.2026;5069;К-028;Возврат
527;28.10.2026;5052;К-042;Выдача
528;28.10.2026;5046;К-052;Возврат
529;19.10.2026;5075;К-024;Выдача
530;16.10.2026;5008;К-004;Выдача
531;07.10.2026;5045;К-030;Выдача
532;20.10.2026;5040;К-044;Возврат
533;11.10.2026;5029;К-051;Возврат
534;18.10.2026;5044;К-041;Выдача
535;06.10.2026;5073;К-011;Выдача
536;06.10.2026;5036;К-059;Выдача
537;25.10.2026;5079;К-020;Возврат
538;05.10.2026;5018;К-039;Возврат
539;22.10.2026;5052;К-051;Возврат
540;19.10.2026;5010;К-057;Возврат
541;27.10.2026;5035;К-056;Выдача
542;08.10.2026;5004;К-014;Возврат
543;28.10.2026;5019;К-040;Выдача
544;17.10.2026;5051;К-013;Выдача
545;13.10.2026;5044;К-006;Возврат
546;28.10.2026;5006;К-005;Выдача
547;19.10.2026;5007;К-016;Возврат
548;10.10.2026;5035;К-002;Выдача
549;29.10.2026;5016;К-008;Выдача
550;16.10.2026;5072;К-010;Возврат
551;14.10.2026;5080;К-035;Выдача
552;01.10.2026;5017;К-038;Возврат
553;01.10.2026;5035;К-029;Выдача
554;10.10.2026;5073;К-060;Возврат
555;30.10.2026;5054;К-003;Выдача
556;02.10.2026;5075;К-021;Выдача
557;15.10.2026;5040;К-009;Возврат
558;09.10.2026;5025;К-029;Выдача
559;04.10.2026;5037;К-020;Возврат
560;30.10.2026;5069;К-043;Выдача
561;08.10.2026;5045;К-025;Возврат
562;07.10.2026;5074;К-034;Выдача
563;24.10.2026;5031;К-018;Выдача
564;24.10.2026;5049;К-017;Возврат
565;11.10.2026;5071;К-054;Выдача
566;15.10.2026;5068;К-008;Выдача
567;05.10.2026;5016;К-034;Выдача
568;11.10.2026;5006;К-017;Выдача
569;09.10.2026;5036;К-054;Возврат
570;29.10.2026;5048;К-042;Выдача
571;11.10.2026;5004;К-015;Возврат
572;16.10.2026;5051;К-015;Выдача
573;25.10.2026;5026;К-029;Выдача
574;26.10.2026;5067;К-036;Выдача
575;06.10.2026;5026;К-032;Возврат
576;11.10.2026;5028;К-018;Выдача
577;11.10.2026;5032;К-034;Выдача
578;21.10.2026;5064;К-018;Возврат
579;07.10.2026;5008;К-055;Возврат
580;28.10.2026;5044;К-052;Выдача
581;02.10.2026;5063;К-008;Выдача
582;03.10.2026;5030;К-017;Выдача
583;21.10.2026;5006;К-037;Возврат
584;10.10.2026;5006;К-014;Выдача
585;18.10.2026;5022;К-022;Выдача
586;20.10.2026;5016;К-011;Выдача
587;07.10.2026;5048;К-040;Выдача
588;03.10.2026;5031;К-029;Выдача
589;19.10.2026;5066;К-044;Выдача
590;12.10.2026;5034;К-009;Выдача
591;09.10.2026;5010;К-052;Выдача
592;05.10.2026;5040;К-040;Выдача
593;01.10.2026;5013;К-040;Выдача
594;22.10.2026;5063;К-050;Возврат
595;18.10.2026;5059;К-022;Выдача
596;21.10.2026;5042;К-019;Выдача
597;22.10.2026;5015;К-012;Возврат
598;09.10.2026;5019;К-046;Выдача
599;01.10.2026;5031;К-041;Выдача
600;13.10.2026;5062;К-008;Возврат
601;21.10.2026;5005;К-007;Выдача
602;18.10.2026;5022;К-012;Возврат
603;27.10.2026;5038;К-027;Возврат
604;01.10.2026;5011;К-005;Возврат
605;15.10.2026;5035;К-026;Возврат
606;07.10.2026;5021;К-010;Возврат
607;25.10.2026;5033;К-007;Возврат
608;17.10.2026;5038;К-001;Выдача
609;22.10.2026;5021;К-036;Выдача
610;26.10.2026;5045;К-050;Выдача
611;11.10.2026;5056;К-056;Возврат
612;17.10.2026;5071;К-030;Выдача
613;18.10.2026;5033;К-009;Возврат
614;21.10.2026;5020;К-047;Возврат
615;29.10.2026;5021;К-023;Выдача
616;26.10.2026;5036;К-022;Выдача
617;19.10.2026;5052;К-030;Выдача
618;10.10.2026;5032;К-051;Возврат
619;13.10.2026;5065;К-009;Выдача
620;27.10.2026;5035;К-051;Возврат
621;07.10.2026;5004;К-034;Выдача
622;05.10.2026;5065;К-033;Выдача
623;26.10.2026;5026;К-056;Выдача
624;22.10.2026;5068;К-026;Возврат
625;18.10.2026;5071;К-034;Возврат
626;16.10.2026;5062;К-013;Возврат
627;22.10.2026;5038;К-002;Выдача
628;06.10.2026;5051;К-019;Выдача
629;28.10.2026;5052;К-036;Возврат
630;05.10.2026;5062;К-052;Выдача
631;07.10.2026;5053;К-058;Выдача
632;19.10.2026;5023;К-033;Возврат
633;10.10.2026;5011;К-002;Выдача
634;05.10.2026;5013;К-033;Выдача
635;22.10.2026;5014;К-054;Выдача
636;14.10.2026;5062;К-013;Выдача
637;20.10.2026;5023;К-047;Возврат
638;20.10.2026;5025;К-055;Выдача
639;09.10.2026;5058;К-050;Выдача
640;30.10.2026;5058;К-025;Возврат
641;12.10.2026;5049;К-033;Выдача
642;10.10.2026;5080;К-014;Возврат
643;08.10.2026;5055;К-037;Выдача
644;14.10.2026;5022;К-031;Возврат
645;04.10.2026;5030;К-012;Возврат
646;22.10.2026;5068;К-015;Возврат
647;18.10.2026;5014;К-010;Выдача
648;01.10.2026;5060;К-029;Выдача
649;17.10.2026;5051;К-033;Возврат
650;29.10.2026;5007;К-038;Возврат
651;17.10.2026;5073;К-052;Выдача
652;04.10.2026;5040;К-004;Выдача
653;25.10.2026;5040;К-027;Выдача
654;01.10.2026;5032;К-028;Выдача
655;12.10.2026;5041;К-044;Возврат
656;07.10.2026;5055;К-056;Выдача
657;24.10.2026;5001;К-024;Выдача
658;10.10.2026;5027;К-045;Выдача
659;14.10.2026;5029;К-008;Выдача
660;13.10.2026;5051;К-058;Выдача
661;24.10.2026;5007;К-046;Выдача
662;28.10.2026;5080;К-046;Выдача
663;21.10.2026;5029;К-048;Возврат
664;19.10.2026;5009;К-044;Выдача
665;11.10.2026;5013;К-025;Выдача
666;10.10.2026;5078;К-050;Выдача
667;29.10.2026;5046;К-034;Выдача
668;10.10.2026;5040;К-058;Возврат
669;29.10.2026;5013;К-026;Выдача
670;15.10.2026;5017;К-018;Выдача
671;10.10.2026;5004;К-036;Выдача
672;09.10.2026;5013;К-059;Возврат
673;19.10.2026;5010;К-035;Выдача
674;27.10.2026;5035;К-055;Выдача
675;22.10.2026;5038;К-018;Выдача
676;15.10.2026;5062;К-048;Возврат
677;28.10.2026;5063;К-021;Возврат
678;03.10.2026;5006;К-019;Возврат
679;06.10.2026;5058;К-036;Выдача
680;03.10.2026;5001;К-027;Возврат
681;07.10.2026;5022;К-043;Возврат
682;08.10.2026;5080;К-026;Выдача
683;18.10.2026;5046;К-047;Выдача
684;28.10.2026;5043;К-055;Возврат
685;14.10.2026;5044;К-037;Выдача
686;26.10.2026;5064;К-033;Возврат
687;12.10.2026;5059;К-053;Возврат
688;15.10.2026;5066;К-029;Выдача
689;04.10.2026;5010;К-004;Возврат
690;13.10.2026;5037;К-017;Выдача
691;18.10.2026;5071;К-023;Выдача
692;30.10.2026;5050;К-047;Возврат
693;05.10.2026;5021;К-052;Выдача
694;15.10.2026;5026;К-047;Выдача
695;07.10.2026;5076;К-034;Возврат
696;09.10.2026;5012;К-027;Возврат
697;06.10.2026;5049;К-014;Выдача
698;13.10.2026;5031;К-027;Выдача
699;02.10.2026;5019;К-040;Возврат
700;19.10.2026;5045;К-056;Выдача
701;13.10.2026;5032;К-047;Выдача
702;06.10.2026;5055;К-048;Возврат
703;23.10.2026;5061;К-041;Возврат
704;25.10.2026;5025;К-007;Выдача
705;13.10.2026;5075;К-045;Выдача
706;27.10.2026;5068;К-023;Выдача
707;01.10.2026;5050;К-031;Возврат
708;28.10.2026;5003;К-044;Выдача
709;22.10.2026;5066;К-045;Выдача
710;16.10.2026;5074;К-003;Выдача
711;15.10.2026;5016;К-014;Возврат
712;04.10.2026;5026;К-032;Возврат
713;05.10.2026;5065;К-035;Выдача
714;20.10.2026;5073;К-032;Выдача
715;06.10.2026;5013;К-047;Выдача
716;08.10.2026;5018;К-001;Выдача
717;15.10.2026;5007;К-027;Выдача
718;10.10.2026;5039;К-036;Выдача
719;23.10.2026;5052;К-060;Выдача
720;20.10.2026;5065;К-043;Выдача
721;26.10.2026;5008;К-050;Выдача
722;06.10.2026;5052;К-043;Возврат
723;25.10.2026;5043;К-005;Выдача
724;25.10.2026;5006;К-004;Выдача
725;30.10.2026;5034;К-045;Возврат
726;09.10.2026;5053;К-006;Возврат
727;21.10.2026;5042;К-041;Выдача
728;25.10.2026;5067;К-023;Возврат
729;25.10.2026;5032;К-053;Возврат
730;04.10.2026;5025;К-013;Возврат
731;18.10.2026;5056;К-007;Выдача
732;19.10.2026;5077;К-042;Выдача
733;29.10.2026;5031;К-027;Выдача
734;30.10.2026;5041;К-035;Выдача
735;19.10.2026;5063;К-020;Выдача
736;12.10.2026;5061;К-019;Возврат
737;08.10.2026;5035;К-017;Выдача
738;27.10.2026;5076;К-020;Выдача
739;02.10.2026;5011;К-007;Выдача
740;23.10.2026;5018;К-009;Выдача
741;01.10.2026;5007;К-033;Возврат
742;11.10.2026;5072;К-011;Выдача
743;03.10.2026;5062;К-034;Возврат
744;05.10.2026;5014;К-030;Выдача
745;09.10.2026;5015;К-057;Выдача
746;22.10.2026;5010;К-012;Выдача
747;25.10.2026;5060;К-018;Возврат
748;19.10.2026;5078;К-031;Выдача
749;06.10.2026;5046;К-046;Возврат
750;27.10.2026;5010;К-001;Возврат
751;27.10.2026;5006;К-027;Выдача
752;30.10.2026;5006;К-049;Выдача
753;13.10.2026;5037;К-013;Выдача
754;23.10.2026;5054;К-057;Выдача
755;27.10.2026;5052;К-053;Выдача
756;23.10.2026;5025;К-059;Возврат
757;07.10.2026;5053;К-020;Выдача
758;05.10.2026;5021;К-017;Возврат
759;25.10.2026;5008;К-052;Выдача
760;25.10.2026;5067;К-017;Выдача
761;05.10.2026;5025;К-006;Возврат
762;11.10.2026;5067;К-021;Выдача
763;14.10.2026;5015;К-031;Возврат
764;13.10.2026;5031;К-005;Выдача
765;14.10.2026;5047;К-039;Возврат
766;09.10.2026;5042;К-060;Выдача
767;29.10.2026;5036;К-041;Возврат
768;09.10.2026;5041;К-057;Выдача
769;26.10.2026;5040;К-044;Выдача
770;12.10.2026;5069;К-043;Выдача
771;14.10.2026;5038;К-046;Возврат
772;07.10.2026;5010;К-026;Возврат
773;22.10.2026;5073;К-056;Выдача
774;20.10.2026;5045;К-055;Выдача
775;16.10.2026;5069;К-003;Выдача
776;25.10.2026;5068;К-048;Возврат
777;23.10.2026;5034;К-013;Выдача
778;13.10.2026;5017;К-054;Возврат
779;30.10.2026;5009;К-043;Выдача
780;17.10.2026;5048;К-043;Возврат
781;23.10.2026;5065;К-038;Выдача
782;11.10.2026;5010;К-032;Возврат
783;23.10.2026;5023;К-026;Выдача
784;07.10.2026;5061;К-059;Выдача
785;17.10.2026;5076;К-041;Возврат
786;28.10.2026;5013;К-053;Возврат
787;26.10.2026;5066;К-060;Выдача
788;25.10.2026;5070;К-033;Выдача
789;08.10.2026;5015;К-002;Выдача
790;11.10.2026;5004;К-008;Возврат
791;29.10.2026;5017;К-025;Возврат
792;06.10.2026;5010;К-045;Выдача
793;18.10.2026;5030;К-017;Выдача
794;28.10.2026;5071;К-007;Возврат
795;06.10.2026;5004;К-020;Выдача
796;27.10.2026;5076;К-049;Выдача
797;22.10.2026;5063;К-039;Возврат
798;23.10.2026;5027;К-028;Возврат
799;01.10.2026;5068;К-046;Возврат
800;23.10.2026;5074;К-051;Возврат
801;02.10.2026;5015;К-041;Возврат
802;05.10.2026;5014;К-005;Возврат
803;28.10.2026;5029;К-044;Возврат
804;18.10.2026;5065;К-057;Выдача
805;12.10.2026;5066;К-033;Выдача
806;12.10.2026;5011;К-027;Выдача
807;05.10.2026;5053;К-033;Выдача
808;25.10.2026;5035;К-014;Выдача
809;07.10.2026;5073;К-009;Выдача
810;21.10.2026;5035;К-033;Выдача
811;28.10.2026;5060;К-011;Возврат
812;03.10.2026;5072;К-047;Выдача
813;12.10.2026;5054;К-054;Возврат
814;01.10.2026;5018;К-003;Выдача
815;27.10.2026;5046;К-060;Выдача
816;30.10.2026;5004;К-014;Возврат
817;06.10.2026;5057;К-009;Выдача
818;03.10.2026;5009;К-050;Возврат
819;11.10.2026;5019;К-037;Возврат
820;06.10.2026;5010;К-022;Возврат
821;06.10.2026;5071;К-055;Выдача
822;29.10.2026;5003;К-057;Выдача
823;01.10.2026;5009;К-034;Возврат
824;21.10.2026;5060;К-019;Выдача
825;04.10.2026;5009;К-058;Выдача
826;25.10.2026;5055;К-052;Выдача
827;17.10.2026;5017;К-032;Выдача
828;11.10.2026;5023;К-042;Возврат
829;01.10.2026;5030;К-026;Выдача
830;18.10.2026;5064;К-007;Выдача
831;01.10.2026;5045;К-019;Выдача
832;14.10.2026;5079;К-006;Возврат
833;08.10.2026;5028;К-017;Выдача
834;27.10.2026;5014;К-040;Возврат
835;11.10.2026;5035;К-031;Выдача
836;22.10.2026;5063;К-027;Возврат
837;03.10.2026;5008;К-014;Возврат
838;23.10.2026;5064;К-012;Выдача
839;20.10.2026;5070;К-007;Выдача
840;02.10.2026;5054;К-032;Выдача
841;09.10.2026;5045;К-030;Выдача
842;24.10.2026;5075;К-041;Выдача
843;21.10.2026;5071;К-026;Выдача
844;29.10.2026;5035;К-019;Выдача
845;25.10.2026;5070;К-042;Выдача
846;27.10.2026;5055;К-049;Возврат
847;05.10.2026;5077;К-041;Выдача
848;13.10.2026;5024;К-051;Выдача
849;11.10.2026;5074;К-027;Возврат
850;26.10.2026;5030;К-029;Возврат
851;05.10.2026;5040;К-033;Выдача
852;23.10.2026;5017;К-005;Выдача
853;20.10.2026;5034;К-008;Возврат
854;19.10.2026;5026;К-057;Выдача
855;16.10.2026;5004;К-057;Выдача
856;01.10.2026;5006;К-035;Возврат
857;22.10.2026;5017;К-005;Выдача
858;16.10.2026;5037;К-015;Выдача
859;10.10.2026;5046;К-047;Возврат
860;03.10.2026;5036;К-057;Выдача
861;27.10.2026;5070;К-023;Возврат
862;29.10.2026;5063;К-016;Возврат
863;02.10.2026;5071;К-048;Выдача
864;19.10.2026;5037;К-006;Возврат
865;12.10.2026;5060;К-018;Возврат
866;26.10.2026;5044;К-019;Выдача
867;17.10.2026;5016;К-013;Выдача
868;15.10.2026;5015;К-045;Выдача
869;08.10.2026;5065;К-052;Выдача
870;02.10.2026;5077;К-022;Выдача
871;19.10.2026;5040;К-057;Выдача
872;01.10.2026;5052;К-045;Возврат
873;10.10.2026;5057;К-029;Выдача
874;25.10.2026;5016;К-056;Возврат
875;19.10.2026;5047;К-044;Выдача
876;14.10.2026;5057;К-032;Возврат
877;19.10.2026;5063;К-034;Выдача
878;22.10.2026;5013;К-053;Возврат
879;15.10.2026;5001;К-038;Возврат
880;06.10.2026;5063;К-045;Возврат
881;26.10.2026;5026;К-008;Возврат
882;10.10.2026;5018;К-048;Возврат
883;14.10.2026;5027;К-036;Выдача
884;11.10.2026;5056;К-019;Возврат
885;10.10.2026;5053;К-024;Выдача
886;25.10.2026;5041;К-009;Возврат
887;28.10.2026;5047;К-006;Выдача
888;23.10.2026;5051;К-057;Выдача
889;06.10.2026;5049;К-045;Выдача
890;01.10.2026;5024;К-012;Выдача
891;15.10.2026;5058;К-028;Возврат
892;05.10.2026;5080;К-024;Возврат
893;23.10.2026;5048;К-009;Выдача
894;14.10.2026;5010;К-020;Выдача
895;23.10.2026;5023;К-058;Выдача
896;29.10.2026;5042;К-060;Возврат
897;11.10.2026;5017;К-008;Выдача
898;17.10.2026;5034;К-043;Выдача
899;04.10.2026;5055;К-052;Возврат
900;09.10.2026;5001;К-060;Выдача
901;17.10.2026;5066;К-031;Выдача
902;04.10.2026;5021;К-027;Возврат
903;28.10.2026;5062;К-001;Выдача
904;15.10.2026;5023;К-053;Выдача
905;03.10.2026;5076;К-005;Выдача
906;16.10.2026;5007;К-045;Выдача
907;28.10.2026;5053;К-016;Выдача
908;22.10.2026;5031;К-035;Выдача
909;22.10.2026;5024;К-051;Выдача
910;16.10.2026;5078;К-038;Возврат
911;10.10.2026;5057;К-052;Возврат
912;29.10.2026;5037;К-004;Выдача
913;01.10.2026;5066;К-031;Выдача
914;25.10.2026;5030;К-049;Выдача
915;25.10.2026;5067;К-025;Выдача
916;14.10.2026;5037;К-016;Выдача
917;07.10.2026;5067;К-009;Выдача
918;18.10.2026;5055;К-021;Выдача
919;19.10.2026;5035;К-015;Выдача
920;16.10.2026;5005;К-011;Выдача
921;01.10.2026;5030;К-044;Выдача
922;13.10.2026;5030;К-034;Выдача
923;02.10.2026;5052;К-056;Выдача
924;19.10.2026;5059;К-028;Выдача
925;20.10.2026;5058;К-059;Выдача
926;27.10.2026;5063;К-009;Возврат
927;21.10.2026;5041;К-034;Возврат
928;08.10.2026;5063;К-016;Выдача
929;24.10.2026;5075;К-037;Возврат
930;20.10.2026;5043;К-040;Выдача
931;20.10.2026;5005;К-045;Возврат
932;03.10.2026;5049;К-033;Возврат
933;27.10.2026;5030;К-057;Возврат
934;21.10.2026;5020;К-011;Выдача
935;04.10.2026;5016;К-049;Выдача
936;04.10.2026;5016;К-023;Возврат
937;23.10.2026;5028;К-019;Выдача
938;09.10.2026;5027;К-050;Выдача
939;21.10.2026;5010;К-046;Выдача
940;25.10.2026;5034;К-025;Выдача
941;04.10.2026;5079;К-003;Выдача
942;25.10.2026;5044;К-060;Выдача
943;03.10.2026;5066;К-037;Возврат
944;19.10.2026;5030;К-012;Возврат
945;28.10.2026;5062;К-008;Выдача
946;13.10.2026;5062;К-037;Выдача
947;21.10.2026;5008;К-049;Возврат
948;26.10.2026;5060;К-005;Выдача
949;30.10.2026;5010;К-002;Возврат
950;02.10.2026;5021;К-009;Выдача
951;28.10.2026;5050;К-024;Выдача
952;16.10.2026;5017;К-047;Возврат
953;26.10.2026;5035;К-003;Выдача
954;27.10.2026;5061;К-007;Выдача
955;03.10.2026;5062;К-042;Возврат
956;20.10.2026;5058;К-029;Выдача
957;17.10.2026;5060;К-012;Возврат
958;17.10.2026;5060;К-002;Выдача
959;11.10.2026;5044;К-031;Выдача
960;04.10.2026;5002;К-024;Выдача
961;22.10.2026;5060;К-029;Возврат
962;02.10.2026;5026;К-025;Выдача
963;10.10.2026;5032;К-026;Выдача
964;01.10.2026;5076;К-044;Возврат
965;28.10.2026;5043;К-035;Возврат
966;22.10.2026;5026;К-019;Выдача
967;03.10.2026;5036;К-026;Выдача
968;28.10.2026;5005;К-022;Выдача
969;29.10.2026;5067;К-025;Возврат
970;15.10.2026;5036;К-033;Выдача
971;09.10.2026;5075;К-011;Выдача
972;27.10.2026;5016;К-005;Выдача
973;25.10.2026;5063;К-017;Выдача
974;01.10.2026;5047;К-054;Возврат
975;12.10.2026;5009;К-028;Выдача
976;28.10.2026;5050;К-042;Выдача
977;22.10.2026;5046;К-010;Возврат
978;22.10.2026;5073;К-030;Возврат
979;19.10.2026;5039;К-032;Выдача
980;26.10.2026;5009;К-016;Выдача
981;18.10.2026;5031;К-044;Выдача
982;27.10.2026;5059;К-053;Выдача
983;11.10.2026;5010;К-034;Выдача
984;11.10.2026;5072;К-041;Возврат
985;19.10.2026;5065;К-021;Возврат
986;29.10.2026;5015;К-037;Возврат
987;28.10.2026;5057;К-060;Выдача
988;29.10.2026;5026;К-059;Выдача
989;12.10.2026;5043;К-060;Выдача
990;04.10.2026;5020;К-028;Выдача
991;25.10.2026;5040;К-016;Возврат
992;08.10.2026;5036;К-046;Возврат
993;28.10.2026;5014;К-019;Выдача
994;25.10.2026;5029;К-030;Возврат
995;30.10.2026;5059;К-023;Возврат
996;07.10.2026;5074;К-008;Возврат
997;13.10.2026;5006;К-014;Выдача
998;02.10.2026;5043;К-046;Выдача
999;19.10.2026;5016;К-032;Выдача
1000;27.10.2026;5058;К-014;Выдача
1001;11.10.2026;5018;К-036;Выдача
1002;18.10.2026;5077;К-051;Выдача
1003;17.10.2026;5069;К-030;Выдача
1004;05.10.2026;5040;К-033;Выдача
1005;24.10.2026;5011;К-010;Возврат
1006;10.10.2026;5001;К-032;Выдача
1007;02.10.2026;5027;К-009;Возврат
1008;13.10.2026;5010;К-010;Выдача
1009;22.10.2026;5040;К-025;Выдача
1010;27.10.2026;5052;К-030;Выдача
1011;05.10.2026;5028;К-053;Возврат
1012;30.10.2026;5072;К-049;Выдача
1013;06.10.2026;5036;К-034;Выдача
1014;18.10.2026;5014;К-004;Выдача
1015;11.10.2026;5011;К-015;Выдача
1016;19.10.2026;5040;К-041;Выдача
1017;09.10.2026;5017;К-014;Возврат
1018;03.10.2026;5016;К-046;Выдача
1019;11.10.2026;5022;К-032;Возврат
1020;26.10.2026;5052;К-051;Выдача
1021;04.10.2026;5022;К-028;Возврат
1022;13.10.2026;5008;К-018;Возврат
1023;27.10.2026;5035;К-020;Выдача
1024;05.10.2026;5060;К-014;Выдача
1025;20.10.2026;5068;К-052;Выдача
1026;03.10.2026;5080;К-001;Выдача
1027;16.10.2026;5008;К-036;Выдача
1028;07.10.2026;5038;К-008;Выдача
1029;02.10.2026;5018;К-027;Возврат
1030;10.10.2026;5040;К-042;Возврат
1031;14.10.2026;5056;К-019;Возврат
1032;20.10.2026;5067;К-011;Выдача
1033;11.10.2026;5040;К-002;Выдача
1034;28.10.2026;5007;К-001;Выдача
1035;22.10.2026;5043;К-009;Выдача
1036;12.10.2026;5044;К-052;Выдача
1037;03.10.2026;5010;К-002;Выдача
1038;25.10.2026;5033;К-042;Выдача
1039;21.10.2026;5034;К-034;Выдача
1040;03.10.2026;5041;К-026;Выдача
1041;12.10.2026;5042;К-059;Выдача
1042;06.10.2026;5075;К-051;Выдача
1043;19.10.2026;5017;К-059;Возврат
1044;07.10.2026;5013;К-011;Возврат
1045;08.10.2026;5053;К-032;Выдача
1046;10.10.2026;5038;К-043;Выдача
1047;02.10.2026;5041;К-024;Возврат
1048;08.10.2026;5042;К-029;Выдача
1049;14.10.2026;5015;К-003;Возврат
1050;07.10.2026;5025;К-050;Возврат
1051;14.10.2026;5044;К-032;Выдача
1052;02.10.2026;5043;К-046;Возврат
1053;27.10.2026;5036;К-011;Выдача
1054;13.10.2026;5050;К-050;Возврат
1055;20.10.2026;5036;К-059;Возврат
1056;27.10.2026;5017;К-056;Выдача
1057;26.10.2026;5024;К-028;Выдача
1058;04.10.2026;5059;К-055;Выдача
1059;07.10.2026;5069;К-034;Выдача
1060;16.10.2026;5021;К-023;Выдача
1061;04.10.2026;5067;К-008;Выдача
1062;21.10.2026;5023;К-042;Выдача
1063;23.10.2026;5067;К-046;Возврат
1064;03.10.2026;5042;К-043;Выдача
1065;24.10.2026;5050;К-047;Выдача
1066;24.10.2026;5015;К-057;Выдача
1067;21.10.2026;5025;К-043;Выдача
1068;13.10.2026;5055;К-039;Выдача
1069;19.10.2026;5046;К-009;Выдача
1070;17.10.2026;5075;К-038;Выдача
1071;05.10.2026;5030;К-029;Выдача
1072;23.10.2026;5037;К-009;Возврат
1073;26.10.2026;5042;К-007;Выдача
1074;03.10.2026;5027;К-027;Выдача
1075;04.10.2026;5072;К-051;Выдача
1076;04.10.2026;5062;К-027;Выдача
1077;02.10.2026;5074;К-027;Выдача
1078;08.10.2026;5009;К-007;Выдача
1079;17.10.2026;5002;К-011;Выдача
1080;24.10.2026;5070;К-021;Возврат
1081;13.10.2026;5052;К-040;Выдача
1082;17.10.2026;5005;К-058;Выдача
1083;26.10.2026;5034;К-028;Выдача
1084;04.10.2026;5079;К-001;Возврат
1085;05.10.2026;5035;К-052;Выдача
1086;12.10.2026;5069;К-045;Выдача
1087;08.10.2026;5045;К-060;Возврат
1088;07.10.2026;5066;К-003;Выдача
1089;08.10.2026;5068;К-003;Возврат
1090;03.10.2026;5034;К-015;Выдача
1091;15.10.2026;5072;К-029;Выдача
1092;27.10.2026;5056;К-016;Выдача
1093;28.10.2026;5055;К-031;Возврат
1094;21.10.2026;5019;К-037;Возврат
1095;16.10.2026;5021;К-018;Выдача
1096;10.10.2026;5058;К-010;Выдача
1097;25.10.2026;5045;К-058;Возврат
1098;16.10.2026;5080;К-042;Выдача
1099;21.10.2026;5031;К-058;Выдача
1100;25.10.2026;5040;К-047;Выдача
1101;29.10.2026;5031;К-049;Выдача
1102;09.10.2026;5042;К-031;Выдача
1103;12.10.2026;5039;К-046;Выдача
1104;25.10.2026;5044;К-006;Возврат
1105;28.10.2026;5042;К-028;Выдача
1106;29.10.2026;5050;К-023;Выдача
1107;19.10.2026;5002;К-048;Выдача
1108;29.10.2026;5072;К-045;Выдача
1109;27.10.2026;5074;К-017;Выдача
1110;20.10.2026;5017;К-022;Выдача
1111;21.10.2026;5042;К-060;Выдача
1112;01.10.2026;5023;К-048;Выдача
1113;04.10.2026;5065;К-020;Возврат
1114;29.10.2026;5060;К-051;Выдача
1115;27.10.2026;5006;К-013;Выдача
1116;03.10.2026;5053;К-023;Возврат
1117;18.10.2026;5060;К-041;Выдача
1118;21.10.2026;5043;К-008;Выдача
1119;24.10.2026;5047;К-021;Выдача
1120;22.10.2026;5030;К-047;Выдача
1121;19.10.2026;5002;К-024;Выдача
1122;25.10.2026;5054;К-049;Возврат
1123;18.10.2026;5026;К-017;Выдача
1124;05.10.2026;5044;К-013;Выдача
1125;29.10.2026;5063;К-033;Выдача
1126;19.10.2026;5051;К-055;Выдача
1127;15.10.2026;5078;К-053;Возврат
1128;21.10.2026;5013;К-009;Выдача
1129;20.10.2026;5053;К-007;Выдача
1130;27.10.2026;5059;К-044;Выдача
1131;03.10.2026;5066;К-004;Выдача
1132;22.10.2026;5020;К-013;Выдача
1133;14.10.2026;5032;К-035;Выдача
1134;13.10.2026;5080;К-008;Выдача
1135;28.10.2026;5003;К-013;Выдача
1136;05.10.2026;5073;К-032;Возврат
1137;13.10.2026;5010;К-025;Возврат
1138;16.10.2026;5004;К-059;Выдача
1139;15.10.2026;5021;К-034;Выдача
1140;01.10.2026;5045;К-018;Возврат
1141;05.10.2026;5079;К-049;Выдача
1142;19.10.2026;5006;К-004;Выдача
1143;13.10.2026;5076;К-007;Выдача
1144;19.10.2026;5042;К-001;Возврат
1145;16.10.2026;5035;К-055;Выдача
1146;07.10.2026;5080;К-055;Выдача
1147;13.10.2026;5010;К-059;Выдача
1148;11.10.2026;5072;К-036;Выдача
1149;02.10.2026;5074;К-044;Выдача
1150;21.10.2026;5063;К-038;Выдача
1151;12.10.2026;5030;К-011;Возврат
1152;15.10.2026;5032;К-022;Выдача
1153;26.10.2026;5072;К-023;Выдача
1154;05.10.2026;5009;К-009;Выдача
1155;02.10.2026;5046;К-021;Возврат
1156;10.10.2026;5020;К-044;Выдача
1157;14.10.2026;5026;К-007;Выдача
1158;03.10.2026;5045;К-055;Возврат
1159;02.10.2026;5020;К-039;Возврат
1160;03.10.2026;5071;К-050;Выдача
1161;15.10.2026;5056;К-012;Выдача
1162;21.10.2026;5073;К-042;Выдача
1163;04.10.2026;5071;К-057;Возврат
1164;12.10.2026;5074;К-028;Выдача
1165;01.10.2026;5074;К-052;Возврат
1166;21.10.2026;5046;К-015;Выдача
1167;15.10.2026;5074;К-032;Выдача
1168;26.10.2026;5001;К-053;Выдача
1169;23.10.2026;5027;К-033;Возврат
1170;21.10.2026;5080;К-005;Выдача
1171;27.10.2026;5023;К-038;Выдача
1172;29.10.2026;5062;К-002;Выдача
1173;12.10.2026;5073;К-038;Возврат
1174;17.10.2026;5070;К-030;Выдача
1175;29.10.2026;5004;К-058;Выдача
1176;28.10.2026;5011;К-002;Возврат
1177;25.10.2026;5004;К-056;Выдача
1178;24.10.2026;5033;К-016;Выдача
1179;27.10.2026;5043;К-023;Возврат
1180;04.10.2026;5052;К-044;Выдача
1181;11.10.2026;5005;К-011;Возврат
1182;07.10.2026;5014;К-010;Выдача
1183;17.10.2026;5055;К-036;Выдача
1184;06.10.2026;5004;К-038;Возврат
1185;26.10.2026;5026;К-009;Выдача
1186;08.10.2026;5059;К-045;Выдача
1187;17.10.2026;5053;К-036;Возврат
1188;28.10.2026;5017;К-028;Выдача
1189;28.10.2026;5025;К-055;Выдача
1190;15.10.2026;5019;К-036;Возврат
1191;23.10.2026;5053;К-037;Выдача
1192;01.10.2026;5004;К-031;Выдача
1193;21.10.2026;5007;К-035;Выдача
1194;03.10.2026;5076;К-060;Выдача
1195;22.10.2026;5047;К-043;Выдача
1196;13.10.2026;5022;К-023;Выдача
1197;15.10.2026;5008;К-027;Выдача
1198;12.10.2026;5053;К-056;Возврат
1199;01.10.2026;5004;К-043;Выдача
1200;03.10.2026;5047;К-006;Возврат
1201;21.10.2026;5004;К-044;Возврат
1202;27.10.2026;5075;К-040;Выдача
1203;30.10.2026;5011;К-005;Выдача
1204;18.10.2026;5060;К-028;Выдача
1205;24.10.2026;5067;К-017;Выдача
1206;05.10.2026;5049;К-047;Выдача
1207;25.10.2026;5061;К-042;Выдача
1208;10.10.2026;5032;К-003;Выдача
1209;12.10.2026;5054;К-047;Выдача
1210;13.10.2026;5031;К-047;Выдача
1211;22.10.2026;5041;К-059;Возврат
1212;13.10.2026;5019;К-033;Возврат
1213;27.10.2026;5038;К-024;Выдача
1214;05.10.2026;5042;К-023;Возврат
1215;01.10.2026;5028;К-038;Выдача
1216;30.10.2026;5025;К-038;Выдача
1217;02.10.2026;5031;К-022;Выдача
1218;12.10.2026;5072;К-043;Возврат
1219;04.10.2026;5065;К-018;Выдача
1220;24.10.2026;5058;К-013;Выдача
1221;27.10.2026;5029;К-043;Выдача
1222;03.10.2026;5024;К-043;Выдача
1223;01.10.2026;5008;К-042;Возврат
1224;24.10.2026;5047;К-033;Выдача
1225;15.10.2026;5070;К-019;Выдача
1226;09.10.2026;5062;К-010;Возврат
1227;25.10.2026;5017;К-019;Возврат
1228;13.10.2026;5029;К-043;Возврат
1229;21.10.2026;5040;К-041;Выдача
1230;25.10.2026;5021;К-053;Возврат
1231;24.10.2026;5038;К-011;Выдача
1232;01.10.2026;5046;К-054;Выдача
1233;14.10.2026;5009;К-027;Выдача
1234;21.10.2026;5027;К-059;Выдача
1235;20.10.2026;5066;К-008;Возврат
1236;09.10.2026;5022;К-004;Выдача
1237;27.10.2026;5011;К-035;Выдача
1238;05.10.2026;5004;К-009;Выдача
1239;21.10.2026;5047;К-028;Возврат
1240;02.10.2026;5060;К-046;Возврат
1241;13.10.2026;5062;К-013;Выдача
1242;11.10.2026;5041;К-008;Возврат
1243;30.10.2026;5033;К-040;Выдача
1244;23.10.2026;5038;К-018;Выдача
1245;27.10.2026;5076;К-027;Выдача
1246;20.10.2026;5055;К-009;Выдача
1247;21.10.2026;5018;К-050;Выдача
1248;21.10.2026;5079;К-043;Возврат
1249;21.10.2026;5030;К-014;Выдача
1250;02.10.2026;5020;К-044;Выдача
1251;14.10.2026;5077;К-006;Выдача
1252;08.10.2026;5073;К-049;Выдача
1253;14.10.2026;5072;К-058;Выдача
1254;16.10.2026;5004;К-044;Возврат
1255;11.10.2026;5011;К-017;Выдача
1256;22.10.2026;5052;К-024;Выдача
1257;07.10.2026;5035;К-015;Выдача
1258;29.10.2026;5041;К-020;Выдача
1259;13.10.2026;5058;К-001;Выдача
1260;26.10.2026;5031;К-010;Выдача
1261;13.10.2026;5016;К-029;Выдача
1262;15.10.2026;5046;К-036;Выдача
1263;12.10.2026;5037;К-040;Возврат
1264;16.10.2026;5072;К-017;Возврат
1265;21.10.2026;5052;К-019;Возврат
1266;15.10.2026;5018;К-020;Возврат
1267;19.10.2026;5019;К-043;Выдача
1268;06.10.2026;5035;К-027;Возврат
1269;04.10.2026;5074;К-015;Выдача
1270;19.10.2026;5029;К-001;Выдача
1271;24.10.2026;5049;К-042;Выдача
1272;27.10.2026;5042;К-011;Выдача
1273;10.10.2026;5033;К-019;Возврат
1274;07.10.2026;5061;К-040;Выдача
1275;23.10.2026;5063;К-051;Выдача
1276;29.10.2026;5031;К-059;Возврат
1277;22.10.2026;5057;К-016;Возврат
1278;11.10.2026;5054;К-026;Возврат
1279;09.10.2026;5057;К-040;Возврат
1280;28.10.2026;5064;К-052;Возврат
1281;18.10.2026;5044;К-018;Выдача
1282;03.10.2026;5059;К-059;Выдача
1283;23.10.2026;5040;К-026;Выдача
1284;03.10.2026;5028;К-029;Выдача
1285;25.10.2026;5046;К-003;Выдача
1286;20.10.2026;5064;К-044;Выдача
1287;14.10.2026;5038;К-028;Возврат
1288;13.10.2026;5077;К-060;Возврат
1289;19.10.2026;5064;К-017;Выдача
1290;02.10.2026;5050;К-035;Выдача
1291;06.10.2026;5039;К-054;Выдача
1292;10.10.2026;5080;К-022;Выдача
1293;11.10.2026;5019;К-042;Выдача
1294;16.10.2026;5053;К-007;Возврат
1295;20.10.2026;5056;К-054;Возврат
1296;18.10.2026;5049;К-012;Выдача
1297;23.10.2026;5022;К-018;Возврат
1298;17.10.2026;5001;К-054;Выдача
1299;25.10.2026;5036;К-016;Выдача
1300;29.10.2026;5061;К-001;Выдача
1301;08.10.2026;5062;К-010;Выдача
1302;02.10.2026;5059;К-050;Выдача
1303;06.10.2026;5040;К-043;Выдача
1304;30.10.2026;5033;К-026;Возврат
1305;18.10.2026;5064;К-015;Выдача
1306;02.10.2026;5005;К-023;Выдача
1307;02.10.2026;5056;К-049;Выдача
1308;30.10.2026;5064;К-044;Возврат
1309;02.10.2026;5038;К-031;Выдача
1310;19.10.2026;5019;К-005;Возврат
1311;09.10.2026;5001;К-020;Возврат
1312;21.10.2026;5031;К-024;Выдача
1313;06.10.2026;5065;К-025;Выдача
1314;26.10.2026;5029;К-005;Возврат
1315;06.10.2026;5069;К-057;Выдача
1316;13.10.2026;5033;К-020;Выдача
1317;05.10.2026;5049;К-018;Возврат
1318;01.10.2026;5004;К-012;Возврат
1319;23.10.2026;5061;К-051;Выдача
1320;05.10.2026;5029;К-055;Выдача
1321;30.10.2026;5038;К-046;Выдача
1322;15.10.2026;5066;К-050;Возврат
1323;03.10.2026;5001;К-048;Возврат
1324;02.10.2026;5017;К-005;Выдача
1325;16.10.2026;5002;К-033;Выдача
1326;12.10.2026;5062;К-006;Выдача
1327;03.10.2026;5028;К-059;Выдача
1328;26.10.2026;5031;К-024;Выдача
1329;02.10.2026;5046;К-045;Возврат
1330;18.10.2026;5005;К-029;Возврат
1331;26.10.2026;5069;К-001;Выдача
1332;05.10.2026;5061;К-055;Возврат
1333;25.10.2026;5042;К-039;Возврат
1334;19.10.2026;5067;К-054;Выдача
1335;14.10.2026;5028;К-047;Выдача
1336;07.10.2026;5011;К-022;Выдача
1337;10.10.2026;5024;К-011;Возврат
1338;22.10.2026;5051;К-013;Выдача
1339;07.10.2026;5039;К-032;Выдача
1340;20.10.2026;5017;К-052;Выдача
1341;02.10.2026;5034;К-022;Выдача
1342;17.10.2026;5074;К-030;Выдача
1343;19.10.2026;5035;К-038;Возврат
1344;23.10.2026;5058;К-046;Выдача
1345;07.10.2026;5051;К-041;Возврат
1346;10.10.2026;5076;К-009;Возврат
1347;09.10.2026;5062;К-029;Возврат
1348;22.10.2026;5029;К-036;Возврат
1349;28.10.2026;5080;К-010;Выдача
1350;05.10.2026;5079;К-050;Выдача
1351;02.10.2026;5049;К-052;Возврат
1352;01.10.2026;5075;К-045;Выдача
1353;09.10.2026;5031;К-015;Выдача
1354;18.10.2026;5003;К-009;Выдача
1355;15.10.2026;5076;К-038;Выдача
1356;24.10.2026;5026;К-057;Возврат
1357;21.10.2026;5051;К-021;Возврат
1358;03.10.2026;5009;К-039;Выдача
1359;27.10.2026;5058;К-014;Возврат
1360;17.10.2026;5006;К-036;Возврат
1361;12.10.2026;5025;К-014;Выдача
1362;16.10.2026;5054;К-028;Выдача
1363;23.10.2026;5036;К-049;Выдача
1364;16.10.2026;5002;К-058;Выдача
1365;18.10.2026;5024;К-040;Выдача
1366;13.10.2026;5032;К-047;Выдача
1367;28.10.2026;5012;К-043;Возврат
1368;29.10.2026;5038;К-014;Выдача
1369;28.10.2026;5008;К-022;Возврат
1370;04.10.2026;5011;К-030;Возврат
1371;24.10.2026;5022;К-038;Выдача
1372;01.10.2026;5045;К-016;Выдача
1373;03.10.2026;5056;К-006;Выдача
1374;11.10.2026;5046;К-051;Выдача
1375;13.10.2026;5077;К-042;Выдача
1376;28.10.2026;5004;К-008;Выдача
1377;05.10.2026;5054;К-040;Выдача
1378;22.10.2026;5067;К-002;Выдача
1379;22.10.2026;5078;К-012;Выдача
1380;24.10.2026;5023;К-055;Выдача
1381;04.10.2026;5030;К-055;Выдача
1382;22.10.2026;5057;К-028;Возврат
1383;11.10.2026;5064;К-015;Выдача
1384;24.10.2026;5039;К-013;Выдача
1385;23.10.2026;5043;К-058;Выдача
1386;30.10.2026;5075;К-010;Выдача
1387;09.10.2026;5053;К-046;Возврат
1388;18.10.2026;5072;К-021;Выдача
1389;19.10.2026;5019;К-024;Возврат
1390;10.10.2026;5038;К-034;Возврат
1391;04.10.2026;5078;К-014;Выдача
1392;17.10.2026;5024;К-054;Выдача
1393;26.10.2026;5019;К-030;Возврат
1394;28.10.2026;5022;К-039;Выдача
1395;23.10.2026;5006;К-032;Возврат
1396;11.10.2026;5034;К-020;Выдача
1397;26.10.2026;5059;К-019;Выдача
1398;12.10.2026;5027;К-007;Возврат
1399;11.10.2026;5069;К-010;Выдача
1400;07.10.2026;5077;К-021;Выдача
1401;08.10.2026;5025;К-018;Возврат
1402;21.10.2026;5051;К-042;Выдача
1403;01.10.2026;5066;К-060;Выдача
1404;07.10.2026;5022;К-020;Возврат
1405;22.10.2026;5056;К-032;Возврат
1406;24.10.2026;5009;К-006;Выдача
1407;10.10.2026;5066;К-002;Выдача
1408;10.10.2026;5036;К-054;Возврат
1409;13.10.2026;5026;К-046;Выдача
1410;09.10.2026;5078;К-003;Выдача
1411;01.10.2026;5023;К-006;Выдача
1412;16.10.2026;5021;К-004;Возврат
1413;19.10.2026;5068;К-051;Возврат
1414;16.10.2026;5067;К-060;Выдача
1415;10.10.2026;5074;К-038;Возврат
1416;29.10.2026;5027;К-058;Выдача
1417;04.10.2026;5026;К-040;Возврат
1418;12.10.2026;5044;К-018;Выдача
1419;04.10.2026;5065;К-041;Выдача
1420;12.10.2026;5035;К-049;Возврат
1421;25.10.2026;5020;К-060;Возврат
1422;26.10.2026;5025;К-060;Выдача
1423;24.10.2026;5035;К-048;Выдача
1424;06.10.2026;5059;К-049;Выдача
1425;26.10.2026;5045;К-024;Выдача
1426;27.10.2026;5008;К-045;Возврат
1427;03.10.2026;5013;К-032;Выдача
1428;07.10.2026;5042;К-001;Выдача
1429;24.10.2026;5011;К-041;Выдача
1430;21.10.2026;5053;К-038;Выдача
1431;07.10.2026;5074;К-039;Возврат
1432;22.10.2026;5015;К-014;Выдача
1433;03.10.2026;5068;К-007;Выдача
1434;22.10.2026;5027;К-032;Выдача
1435;07.10.2026;5025;К-024;Выдача
1436;09.10.2026;5057;К-038;Выдача
1437;08.10.2026;5049;К-009;Возврат
1438;13.10.2026;5023;К-026;Выдача
1439;22.10.2026;5062;К-035;Выдача
1440;19.10.2026;5020;К-049;Выдача
1441;08.10.2026;5074;К-023;Выдача
1442;08.10.2026;5072;К-038;Выдача
1443;12.10.2026;5041;К-011;Возврат
1444;21.10.2026;5076;К-035;Выдача
1445;17.10.2026;5023;К-047;Возврат
1446;06.10.2026;5056;К-015;Выдача
1447;11.10.2026;5029;К-003;Возврат
1448;05.10.2026;5055;К-019;Выдача
1449;28.10.2026;5053;К-057;Выдача
1450;09.10.2026;5041;К-017;Выдача
1451;03.10.2026;5076;К-048;Выдача
1452;06.10.2026;5043;К-011;Выдача
1453;18.10.2026;5016;К-013;Возврат
1454;13.10.2026;5056;К-011;Выдача
1455;14.10.2026;5032;К-006;Возврат
1456;11.10.2026;5019;К-006;Возврат
1457;12.10.2026;5018;К-010;Выдача
1458;13.10.2026;5077;К-041;Выдача
1459;28.10.2026;5064;К-012;Возврат
1460;30.10.2026;5076;К-026;Выдача
1461;18.10.2026;5015;К-037;Выдача
1462;11.10.2026;5014;К-001;Выдача
1463;27.10.2026;5013;К-006;Выдача
1464;28.10.2026;5013;К-002;Выдача
1465;01.10.2026;5071;К-024;Выдача
1466;24.10.2026;5034;К-016;Выдача
1467;08.10.2026;5043;К-033;Возврат
1468;17.10.2026;5007;К-026;Выдача
1469;01.10.2026;5017;К-059;Выдача
1470;01.10.2026;5010;К-036;Возврат
1471;17.10.2026;5013;К-013;Выдача
1472;07.10.2026;5039;К-013;Выдача
1473;07.10.2026;5076;К-054;Выдача
1474;22.10.2026;5060;К-054;Возврат
1475;25.10.2026;5063;К-032;Выдача
1476;30.10.2026;5015;К-033;Выдача
1477;29.10.2026;5078;К-037;Возврат
1478;01.10.2026;5012;К-040;Выдача
1479;29.10.2026;5009;К-055;Выдача
1480;02.10.2026;5012;К-019;Выдача
1481;25.10.2026;5042;К-012;Выдача
1482;21.10.2026;5008;К-014;Выдача
1483;11.10.2026;5078;К-049;Выдача
1484;13.10.2026;5032;К-008;Возврат
1485;24.10.2026;5050;К-005;Выдача
1486;06.10.2026;5030;К-010;Выдача
1487;13.10.2026;5044;К-030;Возврат
1488;09.10.2026;5046;К-043;Возврат
1489;03.10.2026;5057;К-007;Возврат
1490;16.10.2026;5060;К-007;Возврат
1491;30.10.2026;5009;К-023;Возврат
1492;27.10.2026;5004;К-022;Выдача
1493;23.10.2026;5075;К-010;Выдача
1494;05.10.2026;5037;К-008;Выдача
1495;25.10.2026;5006;К-049;Выдача
1496;26.10.2026;5073;К-060;Выдача
1497;11.10.2026;5048;К-059;Выдача
1498;25.10.2026;5064;К-039;Выдача
1499;01.10.2026;5051;К-003;Выдача
1500;23.10.2026;5037;К-030;Выдача
1501;18.10.2026;5014;К-027;Выдача
1502;01.10.2026;5003;К-020;Возврат
1503;23.10.2026;5019;К-032;Выдача
1504;20.10.2026;5072;К-021;Выдача
1505;18.10.2026;5058;К-046;Возврат
1506;04.10.2026;5030;К-039;Выдача
1507;10.10.2026;5023;К-003;Выдача
1508;30.10.2026;5056;К-054;Возврат
1509;23.10.2026;5044;К-025;Возврат
1510;15.10.2026;5028;К-003;Возврат
1511;27.10.2026;5011;К-040;Выдача
1512;04.10.2026;5061;К-003;Выдача
1513;17.10.2026;5030;К-032;Выдача
1514;04.10.2026;5033;К-012;Выдача
1515;10.10.2026;5059;К-036;Выдача
1516;13.10.2026;5020;К-027;Возврат
1517;30.10.2026;5042;К-008;Возврат
1518;05.10.2026;5066;К-002;Выдача
1519;07.10.2026;5029;К-033;Возврат
1520;08.10.2026;5009;К-048;Выдача
1521;05.10.2026;5061;К-058;Возврат
1522;11.10.2026;5059;К-009;Выдача
1523;03.10.2026;5066;К-012;Выдача
1524;20.10.2026;5063;К-011;Возврат
1525;30.10.2026;5068;К-007;Выдача
1526;25.10.2026;5017;К-008;Выдача
1527;21.10.2026;5022;К-052;Выдача
1528;06.10.2026;5065;К-031;Выдача
1529;22.10.2026;5056;К-022;Возврат
1530;26.10.2026;5010;К-006;Возврат
1531;27.10.2026;5005;К-012;Выдача
1532;15.10.2026;5063;К-013;Возврат
1533;18.10.2026;5040;К-034;Выдача
1534;03.10.2026;5079;К-037;Выдача
1535;27.10.2026;5025;К-031;Возврат
1536;01.10.2026;5047;К-057;Возврат
1537;25.10.2026;5037;К-009;Выдача
1538;03.10.2026;5014;К-053;Выдача
1539;08.10.2026;5057;К-032;Возврат
1540;11.10.2026;5060;К-021;Выдача
1541;01.10.2026;5017;К-036;Возврат
1542;05.10.2026;5073;К-015;Возврат
1543;28.10.2026;5078;К-044;Выдача
1544;03.10.2026;5033;К-041;Возврат
1545;04.10.2026;5014;К-002;Выдача
1546;08.10.2026;5049;К-018;Выдача
1547;21.10.2026;5024;К-044;Выдача
1548;27.10.2026;5012;К-007;Выдача
1549;03.10.2026;5002;К-035;Выдача
1550;06.10.2026;5028;К-009;Выдача
1551;21.10.2026;5021;К-001;Выдача
1552;15.10.2026;5022;К-030;Выдача
1553;05.10.2026;5077;К-037;Выдача
1554;25.10.2026;5033;К-047;Выдача
1555;17.10.2026;5036;К-023;Возврат
1556;18.10.2026;5064;К-041;Возврат
1557;24.10.2026;5075;К-047;Возврат
1558;29.10.2026;5004;К-024;Возврат
1559;19.10.2026;5005;К-025;Выдача
1560;06.10.2026;5053;К-058;Возврат
1561;13.10.2026;5034;К-019;Выдача
1562;11.10.2026;5030;К-029;Возврат
1563;06.10.2026;5014;К-036;Возврат
1564;26.10.2026;5032;К-016;Выдача
1565;14.10.2026;5073;К-042;Выдача
1566;17.10.2026;5027;К-037;Выдача
1567;30.10.2026;5033;К-043;Выдача
1568;04.10.2026;5073;К-023;Возврат
1569;23.10.2026;5017;К-058;Выдача
1570;05.10.2026;5054;К-005;Выдача
1571;01.10.2026;5030;К-029;Выдача
1572;19.10.2026;5032;К-025;Возврат
1573;24.10.2026;5056;К-025;Выдача
1574;28.10.2026;5052;К-023;Выдача
1575;12.10.2026;5037;К-060;Выдача
1576;29.10.2026;5072;К-003;Выдача
1577;15.10.2026;5038;К-057;Выдача
1578;25.10.2026;5041;К-048;Выдача
1579;18.10.2026;5014;К-024;Выдача
1580;09.10.2026;5012;К-026;Возврат
1581;25.10.2026;5064;К-012;Выдача
1582;23.10.2026;5065;К-011;Выдача
1583;17.10.2026;5066;К-013;Возврат
1584;26.10.2026;5002;К-031;Выдача
1585;01.10.2026;5017;К-014;Возврат
1586;28.10.2026;5022;К-048;Выдача
1587;11.10.2026;5036;К-006;Выдача
1588;20.10.2026;5033;К-060;Выдача
1589;14.10.2026;5051;К-052;Выдача
1590;27.10.2026;5015;К-005;Выдача
1591;16.10.2026;5012;К-036;Выдача
1592;28.10.2026;5020;К-006;Выдача
1593;10.10.2026;5002;К-041;Выдача
1594;30.10.2026;5072;К-055;Выдача
1595;30.10.2026;5060;К-049;Выдача
1596;16.10.2026;5039;К-052;Выдача
1597;25.10.2026;5007;К-018;Выдача
1598;26.10.2026;5030;К-041;Возврат
1599;23.10.2026;5061;К-047;Возврат
1600;07.10.2026;5059;К-003;Выдача
1601;05.10.2026;5056;К-052;Выдача
1602;07.10.2026;5063;К-002;Возврат
1603;13.10.2026;5050;К-019;Выдача
1604;06.10.2026;5003;К-006;Выдача
1605;28.10.2026;5034;К-031;Выдача
1606;29.10.2026;5053;К-016;Выдача
1607;08.10.2026;5071;К-028;Выдача
1608;02.10.2026;5001;К-059;Выдача
1609;15.10.2026;5030;К-011;Возврат
1610;06.10.2026;5049;К-014;Выдача
1611;13.10.2026;5026;К-057;Выдача
1612;11.10.2026;5013;К-043;Возврат
1613;10.10.2026;5043;К-045;Выдача
1614;27.10.2026;5041;К-045;Выдача
1615;14.10.2026;5075;К-001;Выдача
1616;07.10.2026;5070;К-024;Выдача
1617;05.10.2026;5007;К-014;Выдача
1618;17.10.2026;5048;К-024;Возврат
1619;26.10.2026;5014;К-047;Выдача
1620;25.10.2026;5016;К-025;Возврат
1621;03.10.2026;5043;К-017;Возврат
1622;02.10.2026;5006;К-005;Выдача
1623;04.10.2026;5001;К-048;Возврат
1624;03.10.2026;5064;К-031;Выдача
1625;24.10.2026;5012;К-023;Выдача
1626;15.10.2026;5049;К-037;Выдача
1627;22.10.2026;5057;К-035;Возврат
1628;02.10.2026;5045;К-048;Выдача
1629;03.10.2026;5044;К-031;Выдача
1630;30.10.2026;5034;К-032;Выдача
1631;09.10.2026;5036;К-006;Выдача
1632;22.10.2026;5066;К-017;Выдача
1633;19.10.2026;5029;К-052;Выдача
1634;25.10.2026;5012;К-056;Выдача
1635;29.10.2026;5048;К-012;Выдача
1636;25.10.2026;5032;К-057;Выдача
1637;30.10.2026;5050;К-058;Выдача
1638;10.10.2026;5008;К-015;Выдача
1639;10.10.2026;5048;К-034;Выдача
1640;12.10.2026;5004;К-050;Выдача
1641;11.10.2026;5060;К-006;Выдача
1642;28.10.2026;5024;К-006;Возврат
1643;14.10.2026;5063;К-028;Возврат
1644;10.10.2026;5077;К-055;Выдача
1645;08.10.2026;5004;К-027;Возврат
1646;20.10.2026;5078;К-050;Выдача
1647;30.10.2026;5080;К-041;Выдача
1648;29.10.2026;5063;К-019;Возврат
1649;13.10.2026;5054;К-010;Выдача
1650;09.10.2026;5018;К-028;Выдача
1651;28.10.2026;5034;К-028;Выдача
1652;03.10.2026;5036;К-047;Выдача
1653;12.10.2026;5058;К-020;Выдача
1654;04.10.2026;5028;К-003;Возврат
1655;12.10.2026;5057;К-007;Возврат
1656;23.10.2026;5044;К-020;Возврат
1657;28.10.2026;5034;К-038;Выдача
1658;19.10.2026;5074;К-045;Возврат
1659;29.10.2026;5046;К-053;Выдача
1660;22.10.2026;5080;К-046;Возврат
1661;19.10.2026;5066;К-012;Выдача
1662;10.10.2026;5045;К-033;Возврат
1663;22.10.2026;5050;К-001;Выдача
1664;09.10.2026;5065;К-027;Выдача
1665;10.10.2026;5067;К-014;Выдача
1666;09.10.2026;5010;К-046;Выдача
1667;12.10.2026;5056;К-015;Выдача
1668;27.10.2026;5004;К-007;Выдача
1669;11.10.2026;5078;К-045;Возврат
1670;04.10.2026;5078;К-041;Выдача
1671;14.10.2026;5036;К-033;Выдача
1672;01.10.2026;5015;К-038;Выдача
1673;09.10.2026;5056;К-010;Возврат
1674;01.10.2026;5029;К-023;Возврат
1675;07.10.2026;5065;К-010;Выдача
1676;13.10.2026;5055;К-033;Возврат
1677;15.10.2026;5009;К-025;Выдача
1678;24.10.2026;5062;К-044;Возврат
1679;27.10.2026;5059;К-037;Выдача
1680;06.10.2026;5045;К-045;Возврат
1681;22.10.2026;5042;К-017;Выдача
1682;27.10.2026;5024;К-054;Возврат
1683;16.10.2026;5050;К-028;Возврат
1684;15.10.2026;5025;К-004;Выдача
1685;21.10.2026;5021;К-051;Возврат
1686;21.10.2026;5051;К-039;Возврат
1687;24.10.2026;5042;К-001;Возврат
1688;16.10.2026;5037;К-004;Выдача
1689;09.10.2026;5020;К-032;Выдача
1690;19.10.2026;5064;К-044;Возврат
1691;21.10.2026;5025;К-038;Выдача
1692;20.10.2026;5071;К-005;Выдача
1693;29.10.2026;5023;К-013;Выдача
1694;24.10.2026;5070;К-059;Выдача
1695;19.10.2026;5031;К-013;Возврат
1696;12.10.2026;5032;К-019;Выдача
1697;07.10.2026;5071;К-052;Возврат
1698;19.10.2026;5001;К-005;Выдача
1699;26.10.2026;5019;К-020;Выдача
1700;21.10.2026;5007;К-003;Выдача
1701;13.10.2026;5010;К-012;Выдача
1702;04.10.2026;5010;К-021;Выдача
1703;11.10.2026;5041;К-059;Выдача
1704;29.10.2026;5022;К-015;Выдача
1705;11.10.2026;5057;К-036;Выдача
1706;17.10.2026;5029;К-038;Выдача
1707;01.10.2026;5001;К-058;Выдача
1708;11.10.2026;5009;К-053;Выдача
1709;11.10.2026;5017;К-024;Возврат
1710;18.10.2026;5060;К-005;Возврат
1711;01.10.2026;5051;К-010;Выдача
1712;23.10.2026;5037;К-042;Выдача
1713;25.10.2026;5046;К-030;Выдача
1714;01.10.2026;5021;К-043;Возврат
1715;29.10.2026;5013;К-058;Возврат
1716;09.10.2026;5034;К-002;Выдача
1717;05.10.2026;5080;К-056;Возврат
1718;11.10.2026;5041;К-029;Возврат
1719;19.10.2026;5061;К-051;Выдача
1720;09.10.2026;5056;К-040;Выдача
1721;17.10.2026;5064;К-016;Возврат
1722;10.10.2026;5053;К-010;Выдача
1723;13.10.2026;5031;К-059;Выдача
1724;21.10.2026;5032;К-021;Возврат
1725;20.10.2026;5046;К-046;Возврат
1726;08.10.2026;5012;К-050;Возврат
1727;09.10.2026;5001;К-012;Выдача
1728;12.10.2026;5074;К-025;Выдача
1729;30.10.2026;5019;К-032;Выдача
1730;23.10.2026;5062;К-019;Выдача
1731;13.10.2026;5059;К-043;Выдача
1732;24.10.2026;5063;К-017;Выдача
1733;12.10.2026;5018;К-015;Возврат
1734;10.10.2026;5057;К-052;Возврат
1735;03.10.2026;5020;К-058;Выдача
1736;07.10.2026;5080;К-021;Выдача
1737;04.10.2026;5039;К-019;Возврат
1738;08.10.2026;5016;К-051;Возврат
1739;10.10.2026;5056;К-012;Выдача
1740;13.10.2026;5015;К-013;Выдача
1741;04.10.2026;5041;К-013;Возврат
1742;28.10.2026;5051;К-020;Возврат
1743;17.10.2026;5074;К-031;Возврат
1744;07.10.2026;5052;К-003;Возврат
1745;14.10.2026;5018;К-050;Выдача
1746;03.10.2026;5051;К-003;Выдача
1747;07.10.2026;5016;К-013;Выдача
1748;13.10.2026;5079;К-035;Возврат
1749;11.10.2026;5032;К-046;Выдача
1750;20.10.2026;5005;К-005;Выдача
1751;30.10.2026;5072;К-036;Выдача
1752;15.10.2026;5019;К-050;Возврат
1753;12.10.2026;5068;К-027;Выдача
1754;06.10.2026;5046;К-024;Выдача
1755;29.10.2026;5052;К-024;Выдача
1756;06.10.2026;5058;К-021;Выдача
1757;27.10.2026;5026;К-001;Выдача
1758;24.10.2026;5032;К-005;Выдача
1759;02.10.2026;5019;К-048;Выдача
1760;30.10.2026;5022;К-025;Выдача
1761;24.10.2026;5001;К-015;Выдача
1762;14.10.2026;5013;К-005;Возврат
1763;02.10.2026;5003;К-020;Выдача
1764;12.10.2026;5058;К-052;Возврат
1765;01.10.2026;5053;К-008;Выдача
1766;07.10.2026;5010;К-031;Выдача
1767;09.10.2026;5022;К-044;Выдача
1768;20.10.2026;5045;К-031;Выдача
1769;14.10.2026;5009;К-014;Выдача
1770;20.10.2026;5005;К-040;Выдача
1771;14.10.2026;5014;К-011;Выдача
1772;16.10.2026;5017;К-007;Выдача
1773;07.10.2026;5022;К-034;Возврат
1774;17.10.2026;5040;К-033;Выдача
1775;26.10.2026;5037;К-059;Выдача
1776;30.10.2026;5067;К-022;Выдача
1777;01.10.2026;5062;К-039;Выдача
1778;17.10.2026;5047;К-010;Возврат
1779;26.10.2026;5004;К-056;Возврат
1780;16.10.2026;5033;К-036;Возврат
1781;29.10.2026;5040;К-051;Выдача
1782;19.10.2026;5079;К-025;Выдача
1783;16.10.2026;5024;К-034;Выдача
1784;28.10.2026;5003;К-019;Возврат
1785;27.10.2026;5058;К-026;Выдача
1786;09.10.2026;5077;К-020;Выдача
1787;28.10.2026;5069;К-040;Выдача
1788;24.10.2026;5025;К-015;Возврат
1789;05.10.2026;5053;К-053;Возврат
1790;02.10.2026;5047;К-004;Возврат
1791;16.10.2026;5013;К-059;Выдача
1792;13.10.2026;5041;К-038;Возврат
1793;11.10.2026;5071;К-016;Выдача
1794;23.10.2026;5035;К-037;Выдача
1795;19.10.2026;5069;К-003;Выдача
1796;13.10.2026;5043;К-013;Возврат
1797;30.10.2026;5078;К-025;Выдача
1798;19.10.2026;5064;К-009;Выдача
1799;13.10.2026;5069;К-002;Выдача
1800;13.10.2026;5004;К-023;Выдача
1801;17.10.2026;5076;К-055;Выдача
1802;01.10.2026;5057;К-042;Выдача
1803;05.10.2026;5016;К-019;Возврат
1804;03.10.2026;5061;К-009;Выдача
1805;25.10.2026;5003;К-008;Выдача
1806;04.10.2026;5048;К-052;Выдача
1807;25.10.2026;5003;К-054;Возврат
1808;19.10.2026;5030;К-039;Выдача
1809;25.10.2026;5066;К-030;Выдача
1810;04.10.2026;5037;К-039;Выдача
1811;04.10.2026;5054;К-054;Выдача
1812;30.10.2026;5058;К-030;Выдача
1813;17.10.2026;5042;К-007;Выдача
1814;25.10.2026;5018;К-014;Выдача
1815;11.10.2026;5066;К-028;Выдача
1816;17.10.2026;5037;К-060;Выдача
1817;25.10.2026;5019;К-050;Возврат
1818;03.10.2026;5043;К-054;Возврат
1819;28.10.2026;5046;К-008;Выдача
1820;18.10.2026;5039;К-043;Выдача
1821;11.10.2026;5036;К-060;Выдача
1822;10.10.2026;5055;К-023;Возврат
1823;11.10.2026;5053;К-048;Возврат
1824;29.10.2026;5031;К-015;Выдача
1825;23.10.2026;5002;К-037;Выдача
1826;24.10.2026;5003;К-032;Выдача
1827;22.10.2026;5009;К-030;Возврат
1828;02.10.2026;5012;К-051;Возврат
1829;29.10.2026;5035;К-012;Выдача
1830;11.10.2026;5007;К-012;Выдача
1831;22.10.2026;5060;К-022;Выдача
1832;11.10.2026;5065;К-039;Возврат
1833;23.10.2026;5013;К-011;Выдача
1834;30.10.2026;5048;К-058;Выдача
1835;13.10.2026;5001;К-040;Выдача
1836;08.10.2026;5027;К-020;Выдача
1837;01.10.2026;5060;К-009;Выдача
1838;07.10.2026;5034;К-054;Выдача
1839;22.10.2026;5065;К-046;Возврат
1840;28.10.2026;5078;К-005;Возврат
1841;08.10.2026;5077;К-009;Выдача
1842;03.10.2026;5053;К-028;Выдача
1843;19.10.2026;5040;К-046;Выдача
1844;09.10.2026;5059;К-015;Выдача
1845;15.10.2026;5039;К-043;Выдача
1846;19.10.2026;5032;К-019;Выдача
1847;29.10.2026;5051;К-020;Выдача
1848;21.10.2026;5014;К-003;Возврат
1849;11.10.2026;5065;К-016;Возврат
1850;15.10.2026;5078;К-002;Выдача
1851;15.10.2026;5008;К-010;Выдача
1852;30.10.2026;5023;К-059;Возврат
1853;07.10.2026;5052;К-010;Возврат
1854;30.10.2026;5041;К-027;Выдача
1855;09.10.2026;5055;К-042;Возврат
1856;12.10.2026;5036;К-011;Выдача
1857;07.10.2026;5040;К-012;Возврат
1858;06.10.2026;5041;К-036;Выдача
1859;26.10.2026;5073;К-014;Выдача
1860;06.10.2026;5025;К-051;Выдача
1861;06.10.2026;5049;К-021;Возврат
1862;26.10.2026;5074;К-036;Выдача
1863;04.10.2026;5048;К-024;Возврат
1864;10.10.2026;5034;К-007;Выдача
1865;11.10.2026;5028;К-002;Возврат
1866;11.10.2026;5037;К-015;Возврат
1867;29.10.2026;5045;К-008;Возврат
1868;11.10.2026;5042;К-039;Выдача
1869;18.10.2026;5039;К-018;Выдача
1870;18.10.2026;5026;К-004;Возврат
1871;16.10.2026;5001;К-004;Выдача
1872;26.10.2026;5027;К-038;Выдача
1873;12.10.2026;5022;К-034;Возврат
1874;21.10.2026;5028;К-030;Возврат
1875;10.10.2026;5046;К-016;Выдача
1876;01.10.2026;5010;К-025;Возврат
1877;26.10.2026;5022;К-003;Выдача
1878;20.10.2026;5021;К-010;Возврат
1879;30.10.2026;5004;К-037;Выдача
1880;15.10.2026;5078;К-059;Возврат
1881;14.10.2026;5055;К-001;Выдача
1882;18.10.2026;5012;К-056;Возврат
1883;23.10.2026;5008;К-056;Выдача
1884;14.10.2026;5047;К-018;Возврат
1885;14.10.2026;5020;К-049;Возврат
1886;25.10.2026;5037;К-020;Выдача
1887;27.10.2026;5070;К-060;Возврат
1888;17.10.2026;5048;К-059;Выдача
1889;03.10.2026;5026;К-023;Выдача
1890;27.10.2026;5077;К-005;Возврат
1891;05.10.2026;5007;К-030;Возврат
1892;21.10.2026;5001;К-020;Выдача
1893;29.10.2026;5039;К-022;Возврат
1894;02.10.2026;5027;К-031;Возврат
1895;15.10.2026;5051;К-027;Возврат
1896;22.10.2026;5068;К-056;Возврат
1897;21.10.2026;5068;К-001;Выдача
1898;11.10.2026;5077;К-004;Возврат
1899;02.10.2026;5034;К-055;Выдача
1900;23.10.2026;5029;К-002;Выдача
1901;02.10.2026;5019;К-004;Выдача
1902;07.10.2026;5012;К-052;Выдача
1903;17.10.2026;5004;К-006;Возврат
1904;07.10.2026;5024;К-023;Выдача
1905;30.10.2026;5038;К-023;Возврат
1906;09.10.2026;5004;К-036;Выдача
1907;22.10.2026;5047;К-011;Выдача
1908;28.10.2026;5024;К-002;Возврат
1909;17.10.2026;5059;К-039;Возврат
1910;01.10.2026;5036;К-045;Выдача
1911;29.10.2026;5064;К-050;Выдача
1912;14.10.2026;5052;К-027;Выдача
1913;23.10.2026;5071;К-032;Выдача
1914;01.10.2026;5062;К-010;Выдача
1915;23.10.2026;5065;К-028;Выдача
1916;08.10.2026;5025;К-024;Возврат
1917;01.10.2026;5062;К-037;Возврат
1918;02.10.2026;5044;К-046;Выдача
1919;28.10.2026;5056;К-025;Выдача
1920;23.10.2026;5063;К-052;Выдача
1921;24.10.2026;5052;К-007;Возврат
1922;17.10.2026;5047;К-028;Выдача
1923;19.10.2026;5008;К-018;Выдача
1924;17.10.2026;5067;К-031;Выдача
1925;12.10.2026;5043;К-060;Возврат
1926;24.10.2026;5069;К-044;Возврат
1927;02.10.2026;5008;К-014;Возврат
1928;16.10.2026;5001;К-058;Выдача
1929;20.10.2026;5075;К-039;Выдача
1930;16.10.2026;5009;К-010;Возврат
1931;05.10.2026;5009;К-022;Выдача
1932;22.10.2026;5037;К-054;Выдача
1933;14.10.2026;5005;К-021;Выдача
1934;19.10.2026;5032;К-042;Возврат
1935;16.10.2026;5010;К-042;Выдача
1936;12.10.2026;5004;К-054;Выдача
1937;05.10.2026;5040;К-055;Выдача
1938;12.10.2026;5041;К-030;Выдача
1939;11.10.2026;5025;К-015;Выдача
1940;21.10.2026;5046;К-014;Выдача
1941;30.10.2026;5041;К-003;Выдача
1942;27.10.2026;5065;К-018;Выдача
1943;13.10.2026;5050;К-016;Выдача
1944;19.10.2026;5052;К-036;Возврат
1945;23.10.2026;5015;К-012;Возврат
1946;27.10.2026;5060;К-031;Выдача
1947;07.10.2026;5028;К-055;Выдача
1948;10.10.2026;5017;К-032;Выдача
1949;06.10.2026;5064;К-047;Возврат
1950;05.10.2026;5009;К-043;Выдача
1951;10.10.2026;5068;К-054;Выдача
1952;22.10.2026;5002;К-048;Выдача
1953;03.10.2026;5026;К-058;Выдача
1954;05.10.2026;5014;К-021;Возврат
1955;27.10.2026;5002;К-024;Выдача
1956;28.10.2026;5067;К-041;Выдача
1957;22.10.2026;5038;К-054;Выдача
1958;02.10.2026;5019;К-048;Выдача
1959;27.10.2026;5065;К-056;Выдача
1960;02.10.2026;5075;К-033;Возврат
1961;16.10.2026;5074;К-004;Выдача
1962;11.10.2026;5001;К-020;Возврат
1963;27.10.2026;5020;К-014;Выдача
1964;11.10.2026;5060;К-051;Выдача
1965;05.10.2026;5057;К-020;Выдача
1966;09.10.2026;5008;К-037;Возврат
1967;28.10.2026;5044;К-058;Выдача
1968;28.10.2026;5031;К-054;Выдача
1969;20.10.2026;5048;К-034;Выдача
1970;02.10.2026;5007;К-004;Выдача
1971;29.10.2026;5069;К-038;Выдача
1972;07.10.2026;5004;К-047;Выдача
1973;26.10.2026;5003;К-001;Выдача
1974;28.10.2026;5025;К-051;Выдача
1975;12.10.2026;5020;К-017;Возврат
1976;11.10.2026;5060;К-028;Выдача
1977;04.10.2026;5063;К-025;Выдача
1978;10.10.2026;5019;К-017;Возврат
1979;01.10.2026;5023;К-028;Возврат
1980;14.10.2026;5050;К-043;Выдача
1981;07.10.2026;5058;К-045;Выдача
1982;28.10.2026;5062;К-040;Выдача
1983;23.10.2026;5003;К-006;Выдача
1984;01.10.2026;5080;К-027;Выдача
1985;05.10.2026;5078;К-005;Выдача
1986;22.10.2026;5013;К-042;Выдача
1987;09.10.2026;5001;К-015;Возврат
1988;01.10.2026;5017;К-026;Выдача
1989;26.10.2026;5037;К-001;Выдача
1990;30.10.2026;5041;К-055;Возврат
1991;09.10.2026;5064;К-033;Выдача
1992;17.10.2026;5068;К-051;Выдача
1993;07.10.2026;5038;К-024;Выдача
1994;19.10.2026;5027;К-035;Выдача
1995;24.10.2026;5043;К-044;Возврат
1996;28.10.2026;5077;К-023;Выдача
1997;28.10.2026;5025;К-030;Выдача
1998;28.10.2026;5040;К-001;Возврат
1999;27.10.2026;5056;К-027;Возврат
2000;30.10.2026;5038;К-021;Выдача
