Билет;Возрастная группа;Филиал
5001;Студент;Южный
5002;Школьник;Центральный
5003;Пенсионер;Северный
5004;Взрослый;Южный
5005;Студент;Южный
5006;Пенсионер;Северный
5007;Пенсионер;Центральный
5008;Школьник;Центральный
5009;Пенсионер;Северный
5010;Школьник;Северный
5011;Школьник;Центральный
5012;Пенсионер;Центральный
5013;Взрослый;Центральный
5014;Школьник;Северный
5015;Студент;Южный
5016;Пенсионер;Центральный
5017;Студент;Южный
5018;Студент;Южный
5019;Пенсионер;Южный
5020;Школьник;Северный
5021;Взрослый;Южный
5022;Взрослый;Южный
5023;Школьник;Центральный
5024;Взрослый;Северный
5025;Школьник;Южный
5026;Школьник;Южный
5027;Взрослый;Южный
5028;Школьник;Центральный
5029;Студент;Центральный
5030;Взрослый;Южный
5031;Студент;Южный
5032;Школьник;Центральный
5033;Студент;Центральный
5034;Пенсионер;Центральный
5035;Взрослый;Южный
5036;Студент;Южный
5037;Пенсионер;Центральный
5038;Взрослый;Северный
5039;Студент;Центральный
5040;Пенсионер;Центральный
5041;Взрослый;Северный
5042;Взрослый;Южный
5043;Школьник;Южный
5044;Пенсионер;Южный
5045;Взрослый;Южный
5046;Школьник;Центральный
5047;Взрослый;Южный
5048;Студент;Северный
5049;Студент;Южный
5050;Взрослый;Центральный
5051;Школьник;Северный
5052;Взрослый;Северный
5053;Школьник;Южный
5054;Студент;Южный
5055;Студент;Южный
5056;Студент;Северный
5057;Взрослый;Центральный
5058;Студент;Центральный
5059;Школьник;Центральный
5060;Школьник;Центральный
5061;Взрослый;Центральный
5062;Школьник;Южный
5063;Студент;Южный
5064;Взрослый;Северный
5065;Пенсионер;Центральный
5066;Взрослый;Центральный
5067;Взрослый;Северный
5068;Пенсионер;Северный
5069;Взрослый;Северный
5070;Школьник;Центральный
5071;Пенсионер;Северный
5072;Взрослый;Южный
5073;Пенсионер;Южный
5074;Пенсионер;Центральный
5075;Взрослый;Северный
5076;Взрослый;Северный
5077;Студент;Центральный
5078;Студент;Центральный
5079;Студент;Южный
5080;Взрослый;Южный
