ID;Дата;Артикул;Количество;Цена
1;21.03.2026;161;12;109
2;10.03.2026;183;9;183
3;31.03.2026;147;4;336
4;24.03.2026;178;8;28
5;25.03.2026;107;2;249
6;10.03.2026;132;6;103
7;25.03.2026;159;10;331
8;01.03.2026;184;10;182
9;02.03.2026;115;6;104
10;13.03.2026;115;1;251
11;24.03.2026;136;7;74
12;22.03.2026;107;12;75
13;10.03.2026;143;2;311
14;10.03.2026;159;4;163
15;17.03.2026;184;7;178
16;21.03.2026;124;10;99
17;28.03.2026;143;7;142
18;03.03.2026;147;2;78
19;20.03.2026;169;4;40
20;10.03.2026;136;5;387
21;20.03.2026;169;5;35
22;31.03.2026;178;10;229
23;18.03.2026;141;7;382
24;27.03.2026;124;6;169
25;06.03.2026;141;6;105
26;11.03.2026;147;3;244
27;05.03.2026;161;12;144
28;13.03.2026;183;11;290
29;27.03.2026;115;11;329
30;02.03.2026;124;1;308
31;14.03.2026;156;4;301
32;09.03.2026;184;7;281
33;24.03.2026;178;6;223
34;08.03.2026;141;9;346
35;05.03.2026;147;6;277
36;26.03.2026;183;7;68
37;17.03.2026;147;7;46
38;31.03.2026;115;9;218
39;09.03.2026;159;2;278
40;19.03.2026;107;4;169
41;05.03.2026;159;8;232
42;13.03.2026;141;11;33
43;12.03.2026;115;4;399
44;07.03.2026;169;6;90
45;11.03.2026;159;3;40
46;23.03.2026;136;1;148
47;28.03.2026;132;6;157
48;22.03.2026;183;3;49
49;24.03.2026;132;8;72
50;16.03.2026;107;9;245
51;29.03.2026;156;3;177
52;16.03.2026;132;4;68
53;23.03.2026;159;4;167
54;28.03.2026;159;10;133
55;13.03.2026;184;11;28
56;29.03.2026;141;11;295
57;21.03.2026;159;9;94
58;01.03.2026;115;9;268
59;20.03.2026;169;5;32
60;10.03.2026;178;8;175
61;19.03.2026;141;5;312
62;03.03.2026;159;3;355
63;31.03.2026;183;3;185
64;30.03.2026;141;7;183
65;18.03.2026;159;8;27
66;20.03.2026;147;10;46
67;23.03.2026;107;11;109
68;18.03.2026;143;8;107
69;07.03.2026;132;10;206
70;18.03.2026;178;9;282
71;22.03.2026;124;2;72
72;30.03.2026;178;7;252
73;11.03.2026;124;5;71
74;12.03.2026;184;9;206
75;11.03.2026;184;12;120
76;12.03.2026;183;5;353
77;03.03.2026;136;3;39
78;18.03.2026;161;11;275
79;10.03.2026;184;5;124
80;22.03.2026;143;8;51
81;05.03.2026;115;12;222
82;26.03.2026;169;12;187
83;13.03.2026;136;9;338
84;06.03.2026;161;1;396
85;01.03.2026;124;9;280
86;29.03.2026;169;1;335
87;10.03.2026;159;3;114
88;06.03.2026;159;11;347
89;30.03.2026;143;7;339
90;24.03.2026;156;4;291
91;08.03.2026;147;4;258
92;10.03.2026;141;8;332
93;20.03.2026;115;3;169
94;09.03.2026;169;1;319
95;09.03.2026;115;8;398
96;21.03.2026;184;4;98
97;23.03.2026;159;7;194
98;01.03.2026;132;5;46
99;21.03.2026;136;6;312
100;02.03.2026;183;2;369
101;01.03.2026;132;6;62
102;20.03.2026;136;11;320
103;05.03.2026;169;3;25
104;18.03.2026;159;8;341
105;05.03.2026;143;5;102
106;30.03.2026;107;11;216
107;29.03.2026;124;4;124
108;28.03.2026;107;12;260
109;01.03.2026;107;7;102
110;26.03.2026;107;11;129
111;23.03.2026;147;3;48
112;03.03.2026;184;4;347
113;21.03.2026;159;7;372
114;22.03.2026;132;12;365
115;30.03.2026;136;6;56
116;06.03.2026;124;10;106
117;16.03.2026;183;5;231
118;10.03.2026;159;4;301
119;29.03.2026;161;3;95
120;17.03.2026;115;1;135
121;22.03.2026;161;8;92
122;09.03.2026;178;10;373
123;18.03.2026;107;5;41
124;08.03.2026;183;6;32
125;02.03.2026;161;9;242
126;11.03.2026;184;12;97
127;28.03.2026;159;9;333
128;25.03.2026;141;5;172
129;17.03.2026;143;5;40
130;29.03.2026;143;8;230
131;21.03.2026;147;4;247
132;28.03.2026;184;3;338
133;15.03.2026;147;12;379
134;11.03.2026;183;6;287
135;27.03.2026;156;2;179
136;18.03.2026;147;4;344
137;07.03.2026;161;7;314
138;15.03.2026;136;7;100
139;28.03.2026;161;9;285
140;06.03.2026;115;11;20
141;09.03.2026;115;1;154
142;31.03.2026;156;4;292
143;19.03.2026;169;5;336
144;20.03.2026;115;12;134
145;09.03.2026;184;1;351
146;28.03.2026;115;7;303
147;18.03.2026;178;8;144
148;31.03.2026;147;6;142
149;30.03.2026;136;6;207
150;14.03.2026;156;9;28
151;06.03.2026;132;7;198
152;12.03.2026;169;5;123
153;05.03.2026;107;3;252
154;31.03.2026;161;8;264
155;15.03.2026;132;8;87
156;07.03.2026;141;12;263
157;07.03.2026;184;2;396
158;29.03.2026;124;6;50
159;20.03.2026;169;8;279
160;04.03.2026;184;1;101
161;23.03.2026;124;8;91
162;31.03.2026;115;8;347
163;28.03.2026;156;2;332
164;11.03.2026;132;7;173
165;06.03.2026;159;10;355
166;06.03.2026;147;1;334
167;20.03.2026;184;1;235
168;07.03.2026;161;11;291
169;08.03.2026;183;6;211
170;16.03.2026;183;11;399
171;01.03.2026;143;11;73
172;20.03.2026;183;1;236
173;04.03.2026;132;11;95
174;13.03.2026;178;12;139
175;18.03.2026;132;1;140
176;23.03.2026;183;11;347
177;20.03.2026;124;7;173
178;26.03.2026;147;11;67
179;07.03.2026;159;9;192
180;22.03.2026;183;1;368
181;02.03.2026;161;8;143
182;03.03.2026;132;11;145
183;25.03.2026;107;10;194
184;26.03.2026;136;11;355
185;14.03.2026;159;10;307
186;07.03.2026;132;2;191
187;22.03.2026;141;4;385
188;18.03.2026;161;3;256
189;22.03.2026;132;10;319
190;07.03.2026;183;4;32
191;17.03.2026;184;4;64
192;21.03.2026;115;4;288
193;31.03.2026;156;8;365
194;12.03.2026;156;9;243
195;22.03.2026;156;10;112
196;15.03.2026;115;9;375
197;27.03.2026;161;6;299
198;26.03.2026;184;1;103
199;15.03.2026;184;11;239
200;28.03.2026;107;8;306
201;12.03.2026;161;2;295
202;09.03.2026;178;11;344
203;01.03.2026;141;8;183
204;09.03.2026;143;11;218
205;05.03.2026;184;6;151
206;31.03.2026;156;8;64
207;17.03.2026;124;7;221
208;22.03.2026;183;2;213
209;17.03.2026;107;5;112
210;14.03.2026;136;6;185
211;08.03.2026;178;10;312
212;09.03.2026;178;5;236
213;22.03.2026;115;1;23
214;03.03.2026;178;12;167
215;05.03.2026;156;11;325
216;20.03.2026;143;6;49
217;12.03.2026;161;10;155
218;05.03.2026;161;8;47
219;16.03.2026;124;2;364
220;06.03.2026;159;1;309
221;02.03.2026;124;12;230
222;13.03.2026;107;10;137
223;31.03.2026;183;2;26
224;04.03.2026;107;2;208
225;03.03.2026;124;10;122
226;07.03.2026;161;8;29
227;12.03.2026;156;4;173
228;02.03.2026;178;11;161
229;09.03.2026;124;3;360
230;24.03.2026;178;3;229
231;04.03.2026;178;5;264
232;24.03.2026;141;12;277
233;10.03.2026;161;1;304
234;06.03.2026;143;6;153
235;27.03.2026;178;3;384
236;02.03.2026;124;4;38
237;26.03.2026;147;8;330
238;15.03.2026;141;12;133
239;19.03.2026;136;8;281
240;02.03.2026;107;3;371
241;18.03.2026;136;1;181
242;17.03.2026;115;4;146
243;04.03.2026;184;2;285
244;09.03.2026;115;2;86
245;02.03.2026;141;3;42
246;28.03.2026;136;5;87
247;20.03.2026;184;10;117
248;05.03.2026;169;4;226
249;01.03.2026;132;7;221
250;30.03.2026;156;11;335
251;16.03.2026;183;8;210
252;30.03.2026;169;9;23
253;28.03.2026;161;1;89
254;18.03.2026;169;5;176
255;17.03.2026;132;2;41
256;15.03.2026;169;8;84
257;27.03.2026;156;4;76
258;24.03.2026;169;12;328
259;06.03.2026;136;1;119
260;16.03.2026;147;11;244
261;27.03.2026;156;2;345
262;13.03.2026;132;12;292
263;28.03.2026;132;11;350
264;16.03.2026;156;6;107
265;15.03.2026;143;5;121
266;05.03.2026;141;12;82
267;27.03.2026;183;1;199
268;17.03.2026;156;1;356
269;19.03.2026;136;12;26
270;18.03.2026;147;11;60
271;03.03.2026;178;12;136
272;26.03.2026;115;6;390
273;28.03.2026;169;11;275
274;16.03.2026;184;11;309
275;21.03.2026;178;7;192
276;28.03.2026;143;3;144
277;13.03.2026;159;9;263
278;04.03.2026;178;12;234
279;20.03.2026;178;1;68
280;19.03.2026;184;11;393
281;24.03.2026;184;6;150
282;06.03.2026;147;12;147
283;30.03.2026;124;8;332
284;16.03.2026;147;6;95
285;01.03.2026;136;8;41
286;27.03.2026;132;5;391
287;28.03.2026;143;8;271
288;06.03.2026;183;3;100
289;12.03.2026;132;2;203
290;16.03.2026;159;2;246
291;21.03.2026;124;3;318
292;09.03.2026;184;7;202
293;02.03.2026;147;4;380
294;04.03.2026;156;7;374
295;04.03.2026;178;8;139
296;19.03.2026;178;10;34
297;22.03.2026;169;5;306
298;21.03.2026;147;11;155
299;08.03.2026;161;5;297
300;09.03.2026;156;7;297
301;06.03.2026;184;1;254
302;19.03.2026;159;10;333
303;22.03.2026;124;1;99
304;03.03.2026;184;4;242
305;27.03.2026;115;4;300
306;12.03.2026;178;5;317
307;14.03.2026;107;9;71
308;11.03.2026;115;2;78
309;18.03.2026;136;4;226
310;02.03.2026;169;1;64
311;25.03.2026;115;2;245
312;21.03.2026;178;8;105
313;23.03.2026;132;9;327
314;18.03.2026;147;10;134
315;16.03.2026;107;7;360
316;08.03.2026;136;4;357
317;08.03.2026;184;6;305
318;24.03.2026;161;10;42
319;13.03.2026;161;12;24
320;03.03.2026;169;6;321
