86;87;49;57;84;76;18;13;89;63;66;69;2;#;#
69;11;25;82;3;55;#;6;27;43;49;#;19;18;37
93;45;68;99;59;96;#;55;11;12;#;#;30;54;#
33;86;49;2;#;39;80;17;79;26;37;44;75;#;59
81;31;59;8;#;68;20;77;90;3;93;#;29;37;88
73;33;#;#;89;83;73;#;94;#;#;4;82;57;63
18;54;51;#;68;50;37;85;83;88;80;21;22;71;24
43;#;62;73;#;#;#;#;#;53;10;10;97;96;#
#;#;78;#;24;#;31;25;57;36;88;28;27;80;#
32;54;78;#;6;20;47;47;40;67;89;69;72;25;1
11;#;99;41;#;15;26;80;#;92;3;8;97;22;69
99;41;#;89;18;14;24;5;63;93;64;#;26;31;51
71;26;#;54;#;21;39;87;#;44;#;67;84;#;68
57;#;28;92;#;54;85;29;3;86;13;32;#;69;69
56;98;65;51;57;33;55;2;9;50;2;76;25;33;35
